date,warehouse,sku_id,category,system_forecast,override_flag,final_forecast,actual_demand,unit_cost,lead_time_days,safety_stock_units
2023-01-01,North-DC,APP-101,Apparel,808,True,940,694,917.81,21,115
2023-02-01,North-DC,APP-101,Apparel,922,True,1069,754,917.81,21,108
2023-03-01,North-DC,APP-101,Apparel,684,False,684,828,917.81,21,124
2023-04-01,North-DC,APP-101,Apparel,742,True,808,879,917.81,21,108
2023-05-01,North-DC,APP-101,Apparel,722,False,722,724,917.81,21,120
2023-06-01,North-DC,APP-101,Apparel,812,True,992,722,917.81,21,125
2023-07-01,North-DC,APP-101,Apparel,736,False,736,692,917.81,21,98
2023-08-01,North-DC,APP-101,Apparel,731,True,832,823,917.81,21,120
2023-09-01,North-DC,APP-101,Apparel,677,False,677,760,917.81,21,110
2023-10-01,North-DC,APP-101,Apparel,838,False,838,773,917.81,21,146
2023-11-01,North-DC,APP-101,Apparel,740,True,778,694,917.81,21,100
2023-12-01,North-DC,APP-101,Apparel,845,True,941,871,917.81,21,110
2024-01-01,North-DC,APP-101,Apparel,799,True,933,873,917.81,21,127
2024-02-01,North-DC,APP-101,Apparel,848,True,1017,927,917.81,21,138
2024-03-01,North-DC,APP-101,Apparel,818,True,915,854,917.81,21,139
2024-04-01,North-DC,APP-101,Apparel,658,True,717,811,917.81,21,130
2024-05-01,North-DC,APP-101,Apparel,836,False,836,808,917.81,21,103
2024-06-01,North-DC,APP-101,Apparel,798,False,798,823,917.81,21,120
2024-07-01,North-DC,APP-101,Apparel,716,True,778,652,917.81,21,111
2024-08-01,North-DC,APP-101,Apparel,799,True,846,770,917.81,21,119
2024-09-01,North-DC,APP-101,Apparel,813,False,813,765,917.81,21,103
2024-10-01,North-DC,APP-101,Apparel,718,False,718,835,917.81,21,130
2024-11-01,North-DC,APP-101,Apparel,737,False,737,903,917.81,21,120
2024-12-01,North-DC,APP-101,Apparel,779,True,824,736,917.81,21,123
2023-01-01,North-DC,APP-102,Apparel,936,True,1014,1007,2098.96,7,148
2023-02-01,North-DC,APP-102,Apparel,1038,False,1038,1100,2098.96,7,133
2023-03-01,North-DC,APP-102,Apparel,1034,True,1180,1032,2098.96,7,157
2023-04-01,North-DC,APP-102,Apparel,1013,False,1013,1023,2098.96,7,152
2023-05-01,North-DC,APP-102,Apparel,1006,True,1080,964,2098.96,7,129
2023-06-01,North-DC,APP-102,Apparel,966,True,1085,965,2098.96,7,120
2023-07-01,North-DC,APP-102,Apparel,886,False,886,866,2098.96,7,129
2023-08-01,North-DC,APP-102,Apparel,739,True,774,896,2098.96,7,112
2023-09-01,North-DC,APP-102,Apparel,750,False,750,759,2098.96,7,118
2023-10-01,North-DC,APP-102,Apparel,756,False,756,956,2098.96,7,119
2023-11-01,North-DC,APP-102,Apparel,730,False,730,730,2098.96,7,125
2023-12-01,North-DC,APP-102,Apparel,916,False,916,854,2098.96,7,121
2024-01-01,North-DC,APP-102,Apparel,898,True,1058,790,2098.96,7,141
2024-02-01,North-DC,APP-102,Apparel,910,False,910,1017,2098.96,7,148
2024-03-01,North-DC,APP-102,Apparel,1000,False,1000,1101,2098.96,7,160
2024-04-01,North-DC,APP-102,Apparel,869,False,869,1079,2098.96,7,137
2024-05-01,North-DC,APP-102,Apparel,944,False,944,954,2098.96,7,144
2024-06-01,North-DC,APP-102,Apparel,895,False,895,1186,2098.96,7,140
2024-07-01,North-DC,APP-102,Apparel,798,True,890,806,2098.96,7,110
2024-08-01,North-DC,APP-102,Apparel,705,False,705,733,2098.96,7,117
2024-09-01,North-DC,APP-102,Apparel,690,True,817,601,2098.96,7,100
2024-10-01,North-DC,APP-102,Apparel,691,True,788,783,2098.96,7,131
2024-11-01,North-DC,APP-102,Apparel,655,False,655,831,2098.96,7,119
2024-12-01,North-DC,APP-102,Apparel,735,True,741,810,2098.96,7,144
2023-01-01,North-DC,APP-103,Apparel,491,False,491,560,1650.59,7,75
2023-02-01,North-DC,APP-103,Apparel,437,True,527,570,1650.59,7,71
2023-03-01,North-DC,APP-103,Apparel,492,False,492,585,1650.59,7,65
2023-04-01,North-DC,APP-103,Apparel,437,False,437,473,1650.59,7,88
2023-05-01,North-DC,APP-103,Apparel,465,False,465,532,1650.59,7,66
2023-06-01,North-DC,APP-103,Apparel,448,False,448,500,1650.59,7,65
2023-07-01,North-DC,APP-103,Apparel,449,False,449,429,1650.59,7,65
2023-08-01,North-DC,APP-103,Apparel,370,False,370,475,1650.59,7,68
2023-09-01,North-DC,APP-103,Apparel,417,False,417,406,1650.59,7,59
2023-10-01,North-DC,APP-103,Apparel,387,True,413,419,1650.59,7,70
2023-11-01,North-DC,APP-103,Apparel,397,False,397,435,1650.59,7,67
2023-12-01,North-DC,APP-103,Apparel,416,True,503,464,1650.59,7,48
2024-01-01,North-DC,APP-103,Apparel,432,False,432,401,1650.59,7,80
2024-02-01,North-DC,APP-103,Apparel,511,False,511,460,1650.59,7,66
2024-03-01,North-DC,APP-103,Apparel,474,False,474,486,1650.59,7,80
2024-04-01,North-DC,APP-103,Apparel,455,False,455,498,1650.59,7,67
2024-05-01,North-DC,APP-103,Apparel,519,False,519,423,1650.59,7,78
2024-06-01,North-DC,APP-103,Apparel,387,False,387,386,1650.59,7,72
2024-07-01,North-DC,APP-103,Apparel,385,False,385,435,1650.59,7,61
2024-08-01,North-DC,APP-103,Apparel,387,False,387,429,1650.59,7,65
2024-09-01,North-DC,APP-103,Apparel,371,False,371,436,1650.59,7,60
2024-10-01,North-DC,APP-103,Apparel,395,True,445,370,1650.59,7,44
2024-11-01,North-DC,APP-103,Apparel,394,False,394,372,1650.59,7,40
2024-12-01,North-DC,APP-103,Apparel,409,False,409,485,1650.59,7,63
2023-01-01,North-DC,APP-104,Apparel,385,False,385,409,1377.25,14,53
2023-02-01,North-DC,APP-104,Apparel,390,True,458,384,1377.25,14,58
2023-03-01,North-DC,APP-104,Apparel,373,False,373,371,1377.25,14,48
2023-04-01,North-DC,APP-104,Apparel,377,False,377,449,1377.25,14,76
2023-05-01,North-DC,APP-104,Apparel,380,True,418,328,1377.25,14,75
2023-06-01,North-DC,APP-104,Apparel,318,False,318,313,1377.25,14,45
2023-07-01,North-DC,APP-104,Apparel,280,True,303,361,1377.25,14,53
2023-08-01,North-DC,APP-104,Apparel,341,True,417,335,1377.25,14,62
2023-09-01,North-DC,APP-104,Apparel,308,False,308,333,1377.25,14,59
2023-10-01,North-DC,APP-104,Apparel,270,False,270,298,1377.25,14,60
2023-11-01,North-DC,APP-104,Apparel,327,False,327,328,1377.25,14,32
2023-12-01,North-DC,APP-104,Apparel,330,False,330,310,1377.25,14,50
2024-01-01,North-DC,APP-104,Apparel,296,True,330,329,1377.25,14,56
2024-02-01,North-DC,APP-104,Apparel,389,False,389,383,1377.25,14,55
2024-03-01,North-DC,APP-104,Apparel,390,False,390,321,1377.25,14,53
2024-04-01,North-DC,APP-104,Apparel,374,False,374,348,1377.25,14,49
2024-05-01,North-DC,APP-104,Apparel,349,False,349,364,1377.25,14,63
2024-06-01,North-DC,APP-104,Apparel,309,True,313,304,1377.25,14,62
2024-07-01,North-DC,APP-104,Apparel,301,True,332,331,1377.25,14,59
2024-08-01,North-DC,APP-104,Apparel,301,False,301,322,1377.25,14,27
2024-09-01,North-DC,APP-104,Apparel,297,False,297,287,1377.25,14,43
2024-10-01,North-DC,APP-104,Apparel,256,True,256,322,1377.25,14,48
2024-11-01,North-DC,APP-104,Apparel,289,False,289,318,1377.25,14,35
2024-12-01,North-DC,APP-104,Apparel,293,True,300,322,1377.25,14,45
2023-01-01,North-DC,APP-105,Apparel,512,False,512,463,469.84,14,78
2023-02-01,North-DC,APP-105,Apparel,548,False,548,501,469.84,14,89
2023-03-01,North-DC,APP-105,Apparel,515,True,585,513,469.84,14,106
2023-04-01,North-DC,APP-105,Apparel,512,False,512,523,469.84,14,59
2023-05-01,North-DC,APP-105,Apparel,530,False,530,547,469.84,14,68
2023-06-01,North-DC,APP-105,Apparel,546,True,536,491,469.84,14,71
2023-07-01,North-DC,APP-105,Apparel,418,True,432,455,469.84,14,71
2023-08-01,North-DC,APP-105,Apparel,472,False,472,474,469.84,14,72
2023-09-01,North-DC,APP-105,Apparel,398,False,398,430,469.84,14,60
2023-10-01,North-DC,APP-105,Apparel,422,False,422,504,469.84,14,59
2023-11-01,North-DC,APP-105,Apparel,528,False,528,500,469.84,14,69
2023-12-01,North-DC,APP-105,Apparel,475,True,510,495,469.84,14,69
2024-01-01,North-DC,APP-105,Apparel,485,False,485,498,469.84,14,72
2024-02-01,North-DC,APP-105,Apparel,506,False,506,545,469.84,14,85
2024-03-01,North-DC,APP-105,Apparel,561,True,611,546,469.84,14,88
2024-04-01,North-DC,APP-105,Apparel,631,True,780,554,469.84,14,76
2024-05-01,North-DC,APP-105,Apparel,532,True,497,468,469.84,14,63
2024-06-01,North-DC,APP-105,Apparel,446,False,446,530,469.84,14,76
2024-07-01,North-DC,APP-105,Apparel,462,True,518,430,469.84,14,63
2024-08-01,North-DC,APP-105,Apparel,399,False,399,475,469.84,14,58
2024-09-01,North-DC,APP-105,Apparel,369,False,369,535,469.84,14,54
2024-10-01,North-DC,APP-105,Apparel,418,False,418,455,469.84,14,71
2024-11-01,North-DC,APP-105,Apparel,457,False,457,534,469.84,14,70
2024-12-01,North-DC,APP-105,Apparel,475,True,564,468,469.84,14,95
2023-01-01,North-DC,APP-106,Apparel,725,False,725,640,469.79,14,80
2023-02-01,North-DC,APP-106,Apparel,688,True,872,662,469.79,14,111
2023-03-01,North-DC,APP-106,Apparel,714,True,877,546,469.79,14,90
2023-04-01,North-DC,APP-106,Apparel,715,False,715,776,469.79,14,100
2023-05-01,North-DC,APP-106,Apparel,681,False,681,742,469.79,14,97
2023-06-01,North-DC,APP-106,Apparel,690,True,756,592,469.79,14,102
2023-07-01,North-DC,APP-106,Apparel,670,True,772,639,469.79,14,90
2023-08-01,North-DC,APP-106,Apparel,577,True,680,540,469.79,14,98
2023-09-01,North-DC,APP-106,Apparel,614,True,732,675,469.79,14,71
2023-10-01,North-DC,APP-106,Apparel,640,True,727,699,469.79,14,116
2023-11-01,North-DC,APP-106,Apparel,644,False,644,646,469.79,14,103
2023-12-01,North-DC,APP-106,Apparel,701,True,751,691,469.79,14,120
2024-01-01,North-DC,APP-106,Apparel,721,False,721,729,469.79,14,97
2024-02-01,North-DC,APP-106,Apparel,749,False,749,736,469.79,14,123
2024-03-01,North-DC,APP-106,Apparel,751,True,912,715,469.79,14,91
2024-04-01,North-DC,APP-106,Apparel,793,True,864,738,469.79,14,111
2024-05-01,North-DC,APP-106,Apparel,726,True,847,652,469.79,14,109
2024-06-01,North-DC,APP-106,Apparel,602,False,602,782,469.79,14,103
2024-07-01,North-DC,APP-106,Apparel,817,True,951,602,469.79,14,104
2024-08-01,North-DC,APP-106,Apparel,627,True,685,648,469.79,14,91
2024-09-01,North-DC,APP-106,Apparel,640,False,640,660,469.79,14,113
2024-10-01,North-DC,APP-106,Apparel,601,False,601,528,469.79,14,97
2024-11-01,North-DC,APP-106,Apparel,618,False,618,671,469.79,14,97
2024-12-01,North-DC,APP-106,Apparel,731,True,843,709,469.79,14,111
2023-01-01,North-DC,ELC-201,Electronics,558,False,558,509,269.07,10,77
2023-02-01,North-DC,ELC-201,Electronics,601,False,601,551,269.07,10,75
2023-03-01,North-DC,ELC-201,Electronics,626,False,626,553,269.07,10,79
2023-04-01,North-DC,ELC-201,Electronics,487,False,487,510,269.07,10,102
2023-05-01,North-DC,ELC-201,Electronics,579,True,584,506,269.07,10,63
2023-06-01,North-DC,ELC-201,Electronics,439,False,439,533,269.07,10,53
2023-07-01,North-DC,ELC-201,Electronics,464,False,464,534,269.07,10,68
2023-08-01,North-DC,ELC-201,Electronics,427,False,427,470,269.07,10,61
2023-09-01,North-DC,ELC-201,Electronics,427,False,427,415,269.07,10,45
2023-10-01,North-DC,ELC-201,Electronics,412,False,412,400,269.07,10,64
2023-11-01,North-DC,ELC-201,Electronics,433,True,429,469,269.07,10,52
2023-12-01,North-DC,ELC-201,Electronics,568,False,568,517,269.07,10,81
2024-01-01,North-DC,ELC-201,Electronics,568,False,568,540,269.07,10,69
2024-02-01,North-DC,ELC-201,Electronics,546,False,546,581,269.07,10,91
2024-03-01,North-DC,ELC-201,Electronics,563,True,555,527,269.07,10,86
2024-04-01,North-DC,ELC-201,Electronics,577,False,577,472,269.07,10,73
2024-05-01,North-DC,ELC-201,Electronics,482,False,482,452,269.07,10,89
2024-06-01,North-DC,ELC-201,Electronics,472,False,472,585,269.07,10,64
2024-07-01,North-DC,ELC-201,Electronics,425,False,425,477,269.07,10,68
2024-08-01,North-DC,ELC-201,Electronics,450,False,450,347,269.07,10,62
2024-09-01,North-DC,ELC-201,Electronics,386,True,425,478,269.07,10,66
2024-10-01,North-DC,ELC-201,Electronics,379,False,379,437,269.07,10,72
2024-11-01,North-DC,ELC-201,Electronics,433,False,433,410,269.07,10,53
2024-12-01,North-DC,ELC-201,Electronics,519,False,519,468,269.07,10,73
2023-01-01,North-DC,ELC-202,Electronics,1161,False,1161,1055,1925.66,21,170
2023-02-01,North-DC,ELC-202,Electronics,1191,False,1191,1190,1925.66,21,162
2023-03-01,North-DC,ELC-202,Electronics,1169,False,1169,1243,1925.66,21,178
2023-04-01,North-DC,ELC-202,Electronics,1174,True,1174,1251,1925.66,21,162
2023-05-01,North-DC,ELC-202,Electronics,1023,False,1023,1172,1925.66,21,180
2023-06-01,North-DC,ELC-202,Electronics,1004,False,1004,1021,1925.66,21,150
2023-07-01,North-DC,ELC-202,Electronics,1032,False,1032,1065,1925.66,21,148
2023-08-01,North-DC,ELC-202,Electronics,987,False,987,917,1925.66,21,149
2023-09-01,North-DC,ELC-202,Electronics,855,False,855,831,1925.66,21,109
2023-10-01,North-DC,ELC-202,Electronics,1022,False,1022,875,1925.66,21,129
2023-11-01,North-DC,ELC-202,Electronics,953,True,933,1054,1925.66,21,136
2023-12-01,North-DC,ELC-202,Electronics,1055,False,1055,977,1925.66,21,161
2024-01-01,North-DC,ELC-202,Electronics,1202,False,1202,1018,1925.66,21,181
2024-02-01,North-DC,ELC-202,Electronics,1196,False,1196,1175,1925.66,21,187
2024-03-01,North-DC,ELC-202,Electronics,1384,False,1384,1368,1925.66,21,177
2024-04-01,North-DC,ELC-202,Electronics,1146,False,1146,1142,1925.66,21,175
2024-05-01,North-DC,ELC-202,Electronics,1136,False,1136,1095,1925.66,21,187
2024-06-01,North-DC,ELC-202,Electronics,1004,False,1004,1014,1925.66,21,166
2024-07-01,North-DC,ELC-202,Electronics,943,False,943,929,1925.66,21,165
2024-08-01,North-DC,ELC-202,Electronics,899,False,899,1115,1925.66,21,138
2024-09-01,North-DC,ELC-202,Electronics,1007,False,1007,977,1925.66,21,137
2024-10-01,North-DC,ELC-202,Electronics,846,False,846,875,1925.66,21,135
2024-11-01,North-DC,ELC-202,Electronics,1011,True,990,926,1925.66,21,154
2024-12-01,North-DC,ELC-202,Electronics,1197,False,1197,1091,1925.66,21,176
2023-01-01,North-DC,ELC-203,Electronics,685,False,685,677,1382.29,21,95
2023-02-01,North-DC,ELC-203,Electronics,711,False,711,752,1382.29,21,111
2023-03-01,North-DC,ELC-203,Electronics,762,False,762,738,1382.29,21,117
2023-04-01,North-DC,ELC-203,Electronics,721,False,721,649,1382.29,21,102
2023-05-01,North-DC,ELC-203,Electronics,731,True,677,677,1382.29,21,104
2023-06-01,North-DC,ELC-203,Electronics,617,True,623,654,1382.29,21,96
2023-07-01,North-DC,ELC-203,Electronics,526,False,526,593,1382.29,21,96
2023-08-01,North-DC,ELC-203,Electronics,573,True,574,647,1382.29,21,100
2023-09-01,North-DC,ELC-203,Electronics,568,False,568,550,1382.29,21,85
2023-10-01,North-DC,ELC-203,Electronics,561,False,561,593,1382.29,21,81
2023-11-01,North-DC,ELC-203,Electronics,569,True,574,611,1382.29,21,92
2023-12-01,North-DC,ELC-203,Electronics,620,True,674,671,1382.29,21,96
2024-01-01,North-DC,ELC-203,Electronics,796,True,710,653,1382.29,21,102
2024-02-01,North-DC,ELC-203,Electronics,782,True,761,772,1382.29,21,103
2024-03-01,North-DC,ELC-203,Electronics,791,False,791,644,1382.29,21,109
2024-04-01,North-DC,ELC-203,Electronics,724,False,724,647,1382.29,21,116
2024-05-01,North-DC,ELC-203,Electronics,665,False,665,597,1382.29,21,115
2024-06-01,North-DC,ELC-203,Electronics,628,True,629,652,1382.29,21,87
2024-07-01,North-DC,ELC-203,Electronics,623,False,623,718,1382.29,21,105
2024-08-01,North-DC,ELC-203,Electronics,589,False,589,617,1382.29,21,96
2024-09-01,North-DC,ELC-203,Electronics,623,True,639,619,1382.29,21,101
2024-10-01,North-DC,ELC-203,Electronics,557,True,580,636,1382.29,21,84
2024-11-01,North-DC,ELC-203,Electronics,638,True,602,755,1382.29,21,80
2024-12-01,North-DC,ELC-203,Electronics,650,False,650,723,1382.29,21,113
2023-01-01,North-DC,ELC-204,Electronics,314,True,331,408,1601.55,21,53
2023-02-01,North-DC,ELC-204,Electronics,336,True,369,305,1601.55,21,50
2023-03-01,North-DC,ELC-204,Electronics,388,True,367,357,1601.55,21,31
2023-04-01,North-DC,ELC-204,Electronics,315,True,321,324,1601.55,21,43
2023-05-01,North-DC,ELC-204,Electronics,291,False,291,324,1601.55,21,42
2023-06-01,North-DC,ELC-204,Electronics,332,True,326,316,1601.55,21,63
2023-07-01,North-DC,ELC-204,Electronics,288,False,288,289,1601.55,21,49
2023-08-01,North-DC,ELC-204,Electronics,253,True,260,293,1601.55,21,49
2023-09-01,North-DC,ELC-204,Electronics,285,False,285,253,1601.55,21,56
2023-10-01,North-DC,ELC-204,Electronics,247,False,247,265,1601.55,21,34
2023-11-01,North-DC,ELC-204,Electronics,259,False,259,242,1601.55,21,40
2023-12-01,North-DC,ELC-204,Electronics,324,True,309,346,1601.55,21,31
2024-01-01,North-DC,ELC-204,Electronics,287,True,296,316,1601.55,21,42
2024-02-01,North-DC,ELC-204,Electronics,319,False,319,258,1601.55,21,53
2024-03-01,North-DC,ELC-204,Electronics,289,False,289,253,1601.55,21,49
2024-04-01,North-DC,ELC-204,Electronics,346,False,346,336,1601.55,21,41
2024-05-01,North-DC,ELC-204,Electronics,277,False,277,242,1601.55,21,58
2024-06-01,North-DC,ELC-204,Electronics,257,False,257,308,1601.55,21,45
2024-07-01,North-DC,ELC-204,Electronics,245,False,245,259,1601.55,21,43
2024-08-01,North-DC,ELC-204,Electronics,251,False,251,228,1601.55,21,20
2024-09-01,North-DC,ELC-204,Electronics,236,False,236,203,1601.55,21,22
2024-10-01,North-DC,ELC-204,Electronics,223,False,223,259,1601.55,21,38
2024-11-01,North-DC,ELC-204,Electronics,237,True,240,204,1601.55,21,23
2024-12-01,North-DC,ELC-204,Electronics,246,False,246,282,1601.55,21,45
2023-01-01,North-DC,ELC-205,Electronics,946,False,946,836,192.2,21,166
2023-02-01,North-DC,ELC-205,Electronics,1099,False,1099,1032,192.2,21,147
2023-03-01,North-DC,ELC-205,Electronics,998,False,998,984,192.2,21,150
2023-04-01,North-DC,ELC-205,Electronics,910,False,910,980,192.2,21,150
2023-05-01,North-DC,ELC-205,Electronics,1036,False,1036,772,192.2,21,148
2023-06-01,North-DC,ELC-205,Electronics,1147,False,1147,734,192.2,21,150
2023-07-01,North-DC,ELC-205,Electronics,936,False,936,799,192.2,21,123
2023-08-01,North-DC,ELC-205,Electronics,820,False,820,889,192.2,21,128
2023-09-01,North-DC,ELC-205,Electronics,913,False,913,872,192.2,21,133
2023-10-01,North-DC,ELC-205,Electronics,1000,False,1000,859,192.2,21,131
2023-11-01,North-DC,ELC-205,Electronics,964,True,967,979,192.2,21,122
2023-12-01,North-DC,ELC-205,Electronics,863,False,863,1070,192.2,21,141
2024-01-01,North-DC,ELC-205,Electronics,978,False,978,947,192.2,21,146
2024-02-01,North-DC,ELC-205,Electronics,1022,False,1022,1118,192.2,21,150
2024-03-01,North-DC,ELC-205,Electronics,889,False,889,1103,192.2,21,155
2024-04-01,North-DC,ELC-205,Electronics,1075,True,1015,1036,192.2,21,144
2024-05-01,North-DC,ELC-205,Electronics,864,False,864,949,192.2,21,128
2024-06-01,North-DC,ELC-205,Electronics,1024,False,1024,830,192.2,21,130
2024-07-01,North-DC,ELC-205,Electronics,989,False,989,758,192.2,21,141
2024-08-01,North-DC,ELC-205,Electronics,800,False,800,656,192.2,21,102
2024-09-01,North-DC,ELC-205,Electronics,743,False,743,1027,192.2,21,109
2024-10-01,North-DC,ELC-205,Electronics,893,False,893,1040,192.2,21,133
2024-11-01,North-DC,ELC-205,Electronics,921,True,904,942,192.2,21,128
2024-12-01,North-DC,ELC-205,Electronics,899,True,866,952,192.2,21,125
2023-01-01,North-DC,ELC-206,Electronics,1202,True,1170,954,2138.32,14,151
2023-02-01,North-DC,ELC-206,Electronics,1159,True,1092,1085,2138.32,14,185
2023-03-01,North-DC,ELC-206,Electronics,1140,True,1090,1150,2138.32,14,169
2023-04-01,North-DC,ELC-206,Electronics,1134,True,1185,1175,2138.32,14,172
2023-05-01,North-DC,ELC-206,Electronics,1184,False,1184,1095,2138.32,14,166
2023-06-01,North-DC,ELC-206,Electronics,977,False,977,960,2138.32,14,166
2023-07-01,North-DC,ELC-206,Electronics,963,True,1003,955,2138.32,14,140
2023-08-01,North-DC,ELC-206,Electronics,928,False,928,1035,2138.32,14,155
2023-09-01,North-DC,ELC-206,Electronics,880,False,880,961,2138.32,14,129
2023-10-01,North-DC,ELC-206,Electronics,1002,True,994,983,2138.32,14,155
2023-11-01,North-DC,ELC-206,Electronics,870,False,870,1153,2138.32,14,151
2023-12-01,North-DC,ELC-206,Electronics,1258,False,1258,1034,2138.32,14,161
2024-01-01,North-DC,ELC-206,Electronics,969,False,969,1010,2138.32,14,145
2024-02-01,North-DC,ELC-206,Electronics,1280,True,1156,1197,2138.32,14,163
2024-03-01,North-DC,ELC-206,Electronics,1129,False,1129,1080,2138.32,14,174
2024-04-01,North-DC,ELC-206,Electronics,1166,False,1166,959,2138.32,14,179
2024-05-01,North-DC,ELC-206,Electronics,993,False,993,973,2138.32,14,182
2024-06-01,North-DC,ELC-206,Electronics,995,False,995,1098,2138.32,14,158
2024-07-01,North-DC,ELC-206,Electronics,1057,False,1057,907,2138.32,14,150
2024-08-01,North-DC,ELC-206,Electronics,915,False,915,884,2138.32,14,158
2024-09-01,North-DC,ELC-206,Electronics,853,True,953,910,2138.32,14,146
2024-10-01,North-DC,ELC-206,Electronics,1007,True,971,1202,2138.32,14,150
2024-11-01,North-DC,ELC-206,Electronics,1061,False,1061,1065,2138.32,14,144
2024-12-01,North-DC,ELC-206,Electronics,909,False,909,924,2138.32,14,165
2023-01-01,North-DC,PER-301,Perishable,797,False,797,747,1856.51,10,108
2023-02-01,North-DC,PER-301,Perishable,755,False,755,819,1856.51,10,129
2023-03-01,North-DC,PER-301,Perishable,817,False,817,818,1856.51,10,114
2023-04-01,North-DC,PER-301,Perishable,712,False,712,769,1856.51,10,115
2023-05-01,North-DC,PER-301,Perishable,756,False,756,759,1856.51,10,111
2023-06-01,North-DC,PER-301,Perishable,855,False,855,729,1856.51,10,104
2023-07-01,North-DC,PER-301,Perishable,602,False,602,673,1856.51,10,97
2023-08-01,North-DC,PER-301,Perishable,668,False,668,578,1856.51,10,97
2023-09-01,North-DC,PER-301,Perishable,532,False,532,636,1856.51,10,98
2023-10-01,North-DC,PER-301,Perishable,675,False,675,595,1856.51,10,84
2023-11-01,North-DC,PER-301,Perishable,763,True,736,667,1856.51,10,98
2023-12-01,North-DC,PER-301,Perishable,688,True,668,702,1856.51,10,111
2024-01-01,North-DC,PER-301,Perishable,776,False,776,789,1856.51,10,101
2024-02-01,North-DC,PER-301,Perishable,844,False,844,885,1856.51,10,145
2024-03-01,North-DC,PER-301,Perishable,811,False,811,713,1856.51,10,136
2024-04-01,North-DC,PER-301,Perishable,873,True,917,790,1856.51,10,117
2024-05-01,North-DC,PER-301,Perishable,751,False,751,582,1856.51,10,122
2024-06-01,North-DC,PER-301,Perishable,742,False,742,669,1856.51,10,123
2024-07-01,North-DC,PER-301,Perishable,700,True,654,690,1856.51,10,117
2024-08-01,North-DC,PER-301,Perishable,547,False,547,613,1856.51,10,96
2024-09-01,North-DC,PER-301,Perishable,650,False,650,758,1856.51,10,111
2024-10-01,North-DC,PER-301,Perishable,589,False,589,600,1856.51,10,97
2024-11-01,North-DC,PER-301,Perishable,676,False,676,864,1856.51,10,109
2024-12-01,North-DC,PER-301,Perishable,719,False,719,818,1856.51,10,115
2023-01-01,North-DC,PER-302,Perishable,466,True,454,452,585.3,10,71
2023-02-01,North-DC,PER-302,Perishable,449,True,472,421,585.3,10,85
2023-03-01,North-DC,PER-302,Perishable,480,True,522,475,585.3,10,82
2023-04-01,North-DC,PER-302,Perishable,464,False,464,543,585.3,10,62
2023-05-01,North-DC,PER-302,Perishable,488,False,488,453,585.3,10,62
2023-06-01,North-DC,PER-302,Perishable,532,True,578,474,585.3,10,86
2023-07-01,North-DC,PER-302,Perishable,450,False,450,461,585.3,10,61
2023-08-01,North-DC,PER-302,Perishable,378,False,378,378,585.3,10,42
2023-09-01,North-DC,PER-302,Perishable,414,True,408,433,585.3,10,59
2023-10-01,North-DC,PER-302,Perishable,448,True,456,433,585.3,10,66
2023-11-01,North-DC,PER-302,Perishable,415,False,415,481,585.3,10,71
2023-12-01,North-DC,PER-302,Perishable,500,True,539,510,585.3,10,75
2024-01-01,North-DC,PER-302,Perishable,503,False,503,508,585.3,10,75
2024-02-01,North-DC,PER-302,Perishable,555,False,555,502,585.3,10,84
2024-03-01,North-DC,PER-302,Perishable,641,False,641,580,585.3,10,92
2024-04-01,North-DC,PER-302,Perishable,462,False,462,568,585.3,10,84
2024-05-01,North-DC,PER-302,Perishable,495,False,495,568,585.3,10,83
2024-06-01,North-DC,PER-302,Perishable,463,False,463,487,585.3,10,77
2024-07-01,North-DC,PER-302,Perishable,500,True,548,407,585.3,10,83
2024-08-01,North-DC,PER-302,Perishable,452,False,452,429,585.3,10,69
2024-09-01,North-DC,PER-302,Perishable,413,True,436,387,585.3,10,64
2024-10-01,North-DC,PER-302,Perishable,449,False,449,544,585.3,10,53
2024-11-01,North-DC,PER-302,Perishable,553,True,528,559,585.3,10,58
2024-12-01,North-DC,PER-302,Perishable,496,False,496,584,585.3,10,103
2023-01-01,North-DC,PER-303,Perishable,419,False,419,461,522.74,14,51
2023-02-01,North-DC,PER-303,Perishable,402,True,439,436,522.74,14,59
2023-03-01,North-DC,PER-303,Perishable,434,False,434,392,522.74,14,71
2023-04-01,North-DC,PER-303,Perishable,433,True,412,294,522.74,14,42
2023-05-01,North-DC,PER-303,Perishable,387,False,387,388,522.74,14,61
2023-06-01,North-DC,PER-303,Perishable,424,False,424,391,522.74,14,45
2023-07-01,North-DC,PER-303,Perishable,321,False,321,340,522.74,14,64
2023-08-01,North-DC,PER-303,Perishable,299,False,299,268,522.74,14,53
2023-09-01,North-DC,PER-303,Perishable,282,True,305,333,522.74,14,47
2023-10-01,North-DC,PER-303,Perishable,348,False,348,324,522.74,14,39
2023-11-01,North-DC,PER-303,Perishable,356,False,356,254,522.74,14,71
2023-12-01,North-DC,PER-303,Perishable,407,True,380,417,522.74,14,60
2024-01-01,North-DC,PER-303,Perishable,449,False,449,440,522.74,14,52
2024-02-01,North-DC,PER-303,Perishable,441,True,434,391,522.74,14,73
2024-03-01,North-DC,PER-303,Perishable,490,True,481,402,522.74,14,60
2024-04-01,North-DC,PER-303,Perishable,437,False,437,433,522.74,14,54
2024-05-01,North-DC,PER-303,Perishable,409,True,416,449,522.74,14,64
2024-06-01,North-DC,PER-303,Perishable,399,True,356,424,522.74,14,54
2024-07-01,North-DC,PER-303,Perishable,337,True,302,404,522.74,14,80
2024-08-01,North-DC,PER-303,Perishable,369,True,350,362,522.74,14,46
2024-09-01,North-DC,PER-303,Perishable,387,False,387,362,522.74,14,50
2024-10-01,North-DC,PER-303,Perishable,374,True,420,369,522.74,14,44
2024-11-01,North-DC,PER-303,Perishable,397,False,397,271,522.74,14,67
2024-12-01,North-DC,PER-303,Perishable,376,False,376,482,522.74,14,62
2023-01-01,North-DC,PER-304,Perishable,1002,True,1047,979,525.98,10,153
2023-02-01,North-DC,PER-304,Perishable,1089,True,1211,975,525.98,10,158
2023-03-01,North-DC,PER-304,Perishable,1115,False,1115,1143,525.98,10,163
2023-04-01,North-DC,PER-304,Perishable,1074,False,1074,1176,525.98,10,152
2023-05-01,North-DC,PER-304,Perishable,1148,False,1148,1059,525.98,10,164
2023-06-01,North-DC,PER-304,Perishable,913,True,939,1043,525.98,10,168
2023-07-01,North-DC,PER-304,Perishable,1046,False,1046,1122,525.98,10,151
2023-08-01,North-DC,PER-304,Perishable,1020,False,1020,1066,525.98,10,139
2023-09-01,North-DC,PER-304,Perishable,942,False,942,1057,525.98,10,143
2023-10-01,North-DC,PER-304,Perishable,909,False,909,945,525.98,10,152
2023-11-01,North-DC,PER-304,Perishable,1024,False,1024,933,525.98,10,151
2023-12-01,North-DC,PER-304,Perishable,1032,False,1032,1185,525.98,10,160
2024-01-01,North-DC,PER-304,Perishable,1191,True,1177,1192,525.98,10,170
2024-02-01,North-DC,PER-304,Perishable,1318,False,1318,1221,525.98,10,156
2024-03-01,North-DC,PER-304,Perishable,1125,False,1125,1167,525.98,10,168
2024-04-01,North-DC,PER-304,Perishable,1194,False,1194,984,525.98,10,162
2024-05-01,North-DC,PER-304,Perishable,1066,False,1066,1214,525.98,10,139
2024-06-01,North-DC,PER-304,Perishable,1003,False,1003,941,525.98,10,151
2024-07-01,North-DC,PER-304,Perishable,963,False,963,975,525.98,10,132
2024-08-01,North-DC,PER-304,Perishable,1117,False,1117,1117,525.98,10,148
2024-09-01,North-DC,PER-304,Perishable,992,True,1002,1110,525.98,10,137
2024-10-01,North-DC,PER-304,Perishable,961,True,975,1117,525.98,10,146
2024-11-01,North-DC,PER-304,Perishable,979,False,979,1075,525.98,10,161
2024-12-01,North-DC,PER-304,Perishable,1215,True,1291,1065,525.98,10,145
2023-01-01,North-DC,PER-305,Perishable,1349,True,1372,1317,773.7,14,192
2023-02-01,North-DC,PER-305,Perishable,1329,False,1329,1186,773.7,14,208
2023-03-01,North-DC,PER-305,Perishable,1109,False,1109,1327,773.7,14,210
2023-04-01,North-DC,PER-305,Perishable,1223,True,1253,1298,773.7,14,200
2023-05-01,North-DC,PER-305,Perishable,1214,True,1232,1347,773.7,14,192
2023-06-01,North-DC,PER-305,Perishable,1119,True,1149,1273,773.7,14,194
2023-07-01,North-DC,PER-305,Perishable,1049,True,907,1055,773.7,14,159
2023-08-01,North-DC,PER-305,Perishable,1078,True,1146,852,773.7,14,169
2023-09-01,North-DC,PER-305,Perishable,981,False,981,984,773.7,14,150
2023-10-01,North-DC,PER-305,Perishable,964,False,964,977,773.7,14,154
2023-11-01,North-DC,PER-305,Perishable,1119,True,1140,997,773.7,14,171
2023-12-01,North-DC,PER-305,Perishable,1455,False,1455,1276,773.7,14,173
2024-01-01,North-DC,PER-305,Perishable,1350,False,1350,1060,773.7,14,208
2024-02-01,North-DC,PER-305,Perishable,1249,False,1249,1659,773.7,14,222
2024-03-01,North-DC,PER-305,Perishable,1409,True,1252,1505,773.7,14,208
2024-04-01,North-DC,PER-305,Perishable,1427,False,1427,1049,773.7,14,209
2024-05-01,North-DC,PER-305,Perishable,1495,False,1495,1322,773.7,14,196
2024-06-01,North-DC,PER-305,Perishable,1184,True,994,1204,773.7,14,180
2024-07-01,North-DC,PER-305,Perishable,1009,False,1009,1058,773.7,14,170
2024-08-01,North-DC,PER-305,Perishable,1016,False,1016,977,773.7,14,158
2024-09-01,North-DC,PER-305,Perishable,1079,False,1079,973,773.7,14,171
2024-10-01,North-DC,PER-305,Perishable,1067,False,1067,1124,773.7,14,165
2024-11-01,North-DC,PER-305,Perishable,1127,False,1127,1070,773.7,14,166
2024-12-01,North-DC,PER-305,Perishable,1364,False,1364,1253,773.7,14,181
2023-01-01,North-DC,PER-306,Perishable,789,True,868,630,1225.75,21,107
2023-02-01,North-DC,PER-306,Perishable,892,True,941,802,1225.75,21,110
2023-03-01,North-DC,PER-306,Perishable,750,False,750,629,1225.75,21,118
2023-04-01,North-DC,PER-306,Perishable,796,True,825,781,1225.75,21,117
2023-05-01,North-DC,PER-306,Perishable,815,False,815,837,1225.75,21,111
2023-06-01,North-DC,PER-306,Perishable,722,False,722,684,1225.75,21,105
2023-07-01,North-DC,PER-306,Perishable,652,True,603,644,1225.75,21,94
2023-08-01,North-DC,PER-306,Perishable,565,True,673,573,1225.75,21,81
2023-09-01,North-DC,PER-306,Perishable,591,False,591,449,1225.75,21,94
2023-10-01,North-DC,PER-306,Perishable,547,False,547,601,1225.75,21,104
2023-11-01,North-DC,PER-306,Perishable,569,False,569,565,1225.75,21,107
2023-12-01,North-DC,PER-306,Perishable,703,False,703,670,1225.75,21,106
2024-01-01,North-DC,PER-306,Perishable,710,False,710,615,1225.75,21,126
2024-02-01,North-DC,PER-306,Perishable,864,False,864,666,1225.75,21,131
2024-03-01,North-DC,PER-306,Perishable,737,True,719,795,1225.75,21,130
2024-04-01,North-DC,PER-306,Perishable,889,True,881,904,1225.75,21,113
2024-05-01,North-DC,PER-306,Perishable,683,False,683,838,1225.75,21,101
2024-06-01,North-DC,PER-306,Perishable,690,False,690,651,1225.75,21,107
2024-07-01,North-DC,PER-306,Perishable,571,True,595,626,1225.75,21,94
2024-08-01,North-DC,PER-306,Perishable,578,True,533,558,1225.75,21,84
2024-09-01,North-DC,PER-306,Perishable,551,False,551,465,1225.75,21,92
2024-10-01,North-DC,PER-306,Perishable,640,False,640,565,1225.75,21,91
2024-11-01,North-DC,PER-306,Perishable,557,True,504,535,1225.75,21,96
2024-12-01,North-DC,PER-306,Perishable,820,False,820,816,1225.75,21,102
2023-01-01,West-DC,APP-101,Apparel,587,True,774,668,917.81,21,69
2023-02-01,West-DC,APP-101,Apparel,558,False,558,656,917.81,21,94
2023-03-01,West-DC,APP-101,Apparel,731,False,731,603,917.81,21,103
2023-04-01,West-DC,APP-101,Apparel,549,False,549,729,917.81,21,96
2023-05-01,West-DC,APP-101,Apparel,565,False,565,590,917.81,21,91
2023-06-01,West-DC,APP-101,Apparel,618,True,811,595,917.81,21,88
2023-07-01,West-DC,APP-101,Apparel,573,False,573,527,917.81,21,78
2023-08-01,West-DC,APP-101,Apparel,479,False,479,522,917.81,21,90
2023-09-01,West-DC,APP-101,Apparel,447,True,566,519,917.81,21,72
2023-10-01,West-DC,APP-101,Apparel,437,False,437,599,917.81,21,110
2023-11-01,West-DC,APP-101,Apparel,528,False,528,608,917.81,21,87
2023-12-01,West-DC,APP-101,Apparel,556,False,556,570,917.81,21,83
2024-01-01,West-DC,APP-101,Apparel,577,False,577,655,917.81,21,94
2024-02-01,West-DC,APP-101,Apparel,634,True,796,425,917.81,21,102
2024-03-01,West-DC,APP-101,Apparel,570,True,709,666,917.81,21,85
2024-04-01,West-DC,APP-101,Apparel,647,True,762,653,917.81,21,97
2024-05-01,West-DC,APP-101,Apparel,554,False,554,614,917.81,21,92
2024-06-01,West-DC,APP-101,Apparel,614,False,614,600,917.81,21,88
2024-07-01,West-DC,APP-101,Apparel,536,True,637,595,917.81,21,74
2024-08-01,West-DC,APP-101,Apparel,487,False,487,513,917.81,21,75
2024-09-01,West-DC,APP-101,Apparel,538,True,665,515,917.81,21,77
2024-10-01,West-DC,APP-101,Apparel,522,True,617,510,917.81,21,70
2024-11-01,West-DC,APP-101,Apparel,508,False,508,581,917.81,21,89
2024-12-01,West-DC,APP-101,Apparel,545,True,641,546,917.81,21,84
2023-01-01,West-DC,APP-102,Apparel,644,False,644,661,2098.96,7,107
2023-02-01,West-DC,APP-102,Apparel,727,True,962,781,2098.96,7,90
2023-03-01,West-DC,APP-102,Apparel,697,False,697,702,2098.96,7,89
2023-04-01,West-DC,APP-102,Apparel,628,False,628,672,2098.96,7,109
2023-05-01,West-DC,APP-102,Apparel,633,False,633,609,2098.96,7,92
2023-06-01,West-DC,APP-102,Apparel,685,True,870,637,2098.96,7,87
2023-07-01,West-DC,APP-102,Apparel,604,True,773,687,2098.96,7,103
2023-08-01,West-DC,APP-102,Apparel,597,False,597,565,2098.96,7,100
2023-09-01,West-DC,APP-102,Apparel,597,True,695,626,2098.96,7,89
2023-10-01,West-DC,APP-102,Apparel,656,True,806,698,2098.96,7,104
2023-11-01,West-DC,APP-102,Apparel,639,True,768,635,2098.96,7,106
2023-12-01,West-DC,APP-102,Apparel,630,False,630,644,2098.96,7,70
2024-01-01,West-DC,APP-102,Apparel,599,False,599,678,2098.96,7,99
2024-02-01,West-DC,APP-102,Apparel,687,False,687,660,2098.96,7,117
2024-03-01,West-DC,APP-102,Apparel,682,False,682,682,2098.96,7,110
2024-04-01,West-DC,APP-102,Apparel,697,True,842,774,2098.96,7,113
2024-05-01,West-DC,APP-102,Apparel,639,False,639,715,2098.96,7,114
2024-06-01,West-DC,APP-102,Apparel,753,True,975,578,2098.96,7,92
2024-07-01,West-DC,APP-102,Apparel,561,False,561,560,2098.96,7,99
2024-08-01,West-DC,APP-102,Apparel,588,False,588,624,2098.96,7,104
2024-09-01,West-DC,APP-102,Apparel,632,False,632,483,2098.96,7,96
2024-10-01,West-DC,APP-102,Apparel,673,False,673,646,2098.96,7,107
2024-11-01,West-DC,APP-102,Apparel,669,False,669,615,2098.96,7,115
2024-12-01,West-DC,APP-102,Apparel,720,True,869,733,2098.96,7,119
2023-01-01,West-DC,APP-103,Apparel,561,False,561,691,1650.59,7,96
2023-02-01,West-DC,APP-103,Apparel,629,False,629,656,1650.59,7,111
2023-03-01,West-DC,APP-103,Apparel,636,True,816,619,1650.59,7,96
2023-04-01,West-DC,APP-103,Apparel,639,False,639,596,1650.59,7,96
2023-05-01,West-DC,APP-103,Apparel,567,True,648,645,1650.59,7,107
2023-06-01,West-DC,APP-103,Apparel,560,False,560,649,1650.59,7,95
2023-07-01,West-DC,APP-103,Apparel,676,False,676,522,1650.59,7,82
2023-08-01,West-DC,APP-103,Apparel,578,False,578,515,1650.59,7,93
2023-09-01,West-DC,APP-103,Apparel,614,True,693,605,1650.59,7,86
2023-10-01,West-DC,APP-103,Apparel,617,True,756,592,1650.59,7,91
2023-11-01,West-DC,APP-103,Apparel,572,False,572,652,1650.59,7,68
2023-12-01,West-DC,APP-103,Apparel,547,True,713,712,1650.59,7,88
2024-01-01,West-DC,APP-103,Apparel,552,False,552,670,1650.59,7,100
2024-02-01,West-DC,APP-103,Apparel,653,False,653,598,1650.59,7,101
2024-03-01,West-DC,APP-103,Apparel,616,False,616,650,1650.59,7,102
2024-04-01,West-DC,APP-103,Apparel,688,False,688,583,1650.59,7,87
2024-05-01,West-DC,APP-103,Apparel,710,False,710,664,1650.59,7,99
2024-06-01,West-DC,APP-103,Apparel,609,True,756,657,1650.59,7,82
2024-07-01,West-DC,APP-103,Apparel,639,True,789,632,1650.59,7,86
2024-08-01,West-DC,APP-103,Apparel,609,True,709,546,1650.59,7,73
2024-09-01,West-DC,APP-103,Apparel,597,False,597,604,1650.59,7,70
2024-10-01,West-DC,APP-103,Apparel,561,False,561,654,1650.59,7,97
2024-11-01,West-DC,APP-103,Apparel,545,True,602,689,1650.59,7,91
2024-12-01,West-DC,APP-103,Apparel,612,True,772,635,1650.59,7,113
2023-01-01,West-DC,APP-104,Apparel,795,False,795,809,1377.25,14,148
2023-02-01,West-DC,APP-104,Apparel,913,True,995,902,1377.25,14,136
2023-03-01,West-DC,APP-104,Apparel,932,True,1106,862,1377.25,14,144
2023-04-01,West-DC,APP-104,Apparel,1039,False,1039,1011,1377.25,14,138
2023-05-01,West-DC,APP-104,Apparel,819,False,819,1007,1377.25,14,125
2023-06-01,West-DC,APP-104,Apparel,838,True,1078,865,1377.25,14,131
2023-07-01,West-DC,APP-104,Apparel,720,True,822,569,1377.25,14,127
2023-08-01,West-DC,APP-104,Apparel,703,True,894,776,1377.25,14,116
2023-09-01,West-DC,APP-104,Apparel,675,False,675,741,1377.25,14,94
2023-10-01,West-DC,APP-104,Apparel,802,False,802,677,1377.25,14,102
2023-11-01,West-DC,APP-104,Apparel,882,True,1167,789,1377.25,14,121
2023-12-01,West-DC,APP-104,Apparel,733,False,733,849,1377.25,14,134
2024-01-01,West-DC,APP-104,Apparel,927,False,927,874,1377.25,14,113
2024-02-01,West-DC,APP-104,Apparel,1043,False,1043,975,1377.25,14,154
2024-03-01,West-DC,APP-104,Apparel,1019,False,1019,1002,1377.25,14,143
2024-04-01,West-DC,APP-104,Apparel,922,True,1148,1029,1377.25,14,155
2024-05-01,West-DC,APP-104,Apparel,962,False,962,1002,1377.25,14,138
2024-06-01,West-DC,APP-104,Apparel,824,False,824,757,1377.25,14,120
2024-07-01,West-DC,APP-104,Apparel,781,True,1026,898,1377.25,14,120
2024-08-01,West-DC,APP-104,Apparel,844,False,844,834,1377.25,14,111
2024-09-01,West-DC,APP-104,Apparel,690,False,690,756,1377.25,14,98
2024-10-01,West-DC,APP-104,Apparel,674,False,674,719,1377.25,14,101
2024-11-01,West-DC,APP-104,Apparel,830,True,1106,875,1377.25,14,121
2024-12-01,West-DC,APP-104,Apparel,870,False,870,828,1377.25,14,119
2023-01-01,West-DC,APP-105,Apparel,616,True,855,577,469.84,14,92
2023-02-01,West-DC,APP-105,Apparel,614,True,793,559,469.84,14,103
2023-03-01,West-DC,APP-105,Apparel,746,True,970,719,469.84,14,99
2023-04-01,West-DC,APP-105,Apparel,627,False,627,697,469.84,14,92
2023-05-01,West-DC,APP-105,Apparel,663,False,663,571,469.84,14,97
2023-06-01,West-DC,APP-105,Apparel,676,False,676,572,469.84,14,105
2023-07-01,West-DC,APP-105,Apparel,522,True,569,536,469.84,14,89
2023-08-01,West-DC,APP-105,Apparel,522,False,522,637,469.84,14,80
2023-09-01,West-DC,APP-105,Apparel,551,False,551,587,469.84,14,84
2023-10-01,West-DC,APP-105,Apparel,646,True,780,675,469.84,14,98
2023-11-01,West-DC,APP-105,Apparel,658,True,829,516,469.84,14,95
2023-12-01,West-DC,APP-105,Apparel,684,False,684,754,469.84,14,95
2024-01-01,West-DC,APP-105,Apparel,596,False,596,677,469.84,14,107
2024-02-01,West-DC,APP-105,Apparel,733,False,733,697,469.84,14,111
2024-03-01,West-DC,APP-105,Apparel,714,True,922,643,469.84,14,106
2024-04-01,West-DC,APP-105,Apparel,685,False,685,769,469.84,14,90
2024-05-01,West-DC,APP-105,Apparel,685,False,685,691,469.84,14,91
2024-06-01,West-DC,APP-105,Apparel,635,True,851,707,469.84,14,91
2024-07-01,West-DC,APP-105,Apparel,587,True,703,590,469.84,14,102
2024-08-01,West-DC,APP-105,Apparel,585,False,585,705,469.84,14,94
2024-09-01,West-DC,APP-105,Apparel,630,False,630,632,469.84,14,92
2024-10-01,West-DC,APP-105,Apparel,642,False,642,664,469.84,14,80
2024-11-01,West-DC,APP-105,Apparel,732,True,901,654,469.84,14,104
2024-12-01,West-DC,APP-105,Apparel,693,False,693,561,469.84,14,105
2023-01-01,West-DC,APP-106,Apparel,1153,False,1153,1160,469.79,14,152
2023-02-01,West-DC,APP-106,Apparel,1066,False,1066,1362,469.79,14,166
2023-03-01,West-DC,APP-106,Apparel,1093,False,1093,951,469.79,14,174
2023-04-01,West-DC,APP-106,Apparel,1270,False,1270,1082,469.79,14,164
2023-05-01,West-DC,APP-106,Apparel,1133,False,1133,1032,469.79,14,152
2023-06-01,West-DC,APP-106,Apparel,1093,True,1265,1072,469.79,14,144
2023-07-01,West-DC,APP-106,Apparel,1036,False,1036,1220,469.79,14,152
2023-08-01,West-DC,APP-106,Apparel,842,False,842,848,469.79,14,144
2023-09-01,West-DC,APP-106,Apparel,894,False,894,861,469.79,14,138
2023-10-01,West-DC,APP-106,Apparel,968,False,968,893,469.79,14,112
2023-11-01,West-DC,APP-106,Apparel,923,False,923,981,469.79,14,144
2023-12-01,West-DC,APP-106,Apparel,989,False,989,1037,469.79,14,169
2024-01-01,West-DC,APP-106,Apparel,1013,True,1283,1146,469.79,14,161
2024-02-01,West-DC,APP-106,Apparel,1233,False,1233,1261,469.79,14,170
2024-03-01,West-DC,APP-106,Apparel,1097,True,1358,1219,469.79,14,161
2024-04-01,West-DC,APP-106,Apparel,1138,True,1324,1220,469.79,14,174
2024-05-01,West-DC,APP-106,Apparel,915,False,915,1148,469.79,14,179
2024-06-01,West-DC,APP-106,Apparel,1059,False,1059,1219,469.79,14,154
2024-07-01,West-DC,APP-106,Apparel,1033,False,1033,831,469.79,14,141
2024-08-01,West-DC,APP-106,Apparel,909,False,909,812,469.79,14,132
2024-09-01,West-DC,APP-106,Apparel,915,True,1089,815,469.79,14,131
2024-10-01,West-DC,APP-106,Apparel,711,True,942,921,469.79,14,135
2024-11-01,West-DC,APP-106,Apparel,1115,False,1115,886,469.79,14,154
2024-12-01,West-DC,APP-106,Apparel,1179,False,1179,1063,469.79,14,159
2023-01-01,West-DC,ELC-201,Electronics,714,False,714,826,269.07,10,118
2023-02-01,West-DC,ELC-201,Electronics,913,True,921,837,269.07,10,122
2023-03-01,West-DC,ELC-201,Electronics,865,True,853,857,269.07,10,139
2023-04-01,West-DC,ELC-201,Electronics,847,True,825,886,269.07,10,129
2023-05-01,West-DC,ELC-201,Electronics,767,False,767,895,269.07,10,109
2023-06-01,West-DC,ELC-201,Electronics,663,True,656,686,269.07,10,104
2023-07-01,West-DC,ELC-201,Electronics,723,False,723,526,269.07,10,114
2023-08-01,West-DC,ELC-201,Electronics,735,True,697,616,269.07,10,101
2023-09-01,West-DC,ELC-201,Electronics,616,False,616,567,269.07,10,106
2023-10-01,West-DC,ELC-201,Electronics,667,False,667,655,269.07,10,101
2023-11-01,West-DC,ELC-201,Electronics,628,False,628,702,269.07,10,94
2023-12-01,West-DC,ELC-201,Electronics,746,False,746,776,269.07,10,109
2024-01-01,West-DC,ELC-201,Electronics,819,False,819,815,269.07,10,128
2024-02-01,West-DC,ELC-201,Electronics,970,True,945,870,269.07,10,145
2024-03-01,West-DC,ELC-201,Electronics,803,True,809,842,269.07,10,122
2024-04-01,West-DC,ELC-201,Electronics,902,False,902,786,269.07,10,125
2024-05-01,West-DC,ELC-201,Electronics,896,False,896,726,269.07,10,131
2024-06-01,West-DC,ELC-201,Electronics,791,True,732,781,269.07,10,112
2024-07-01,West-DC,ELC-201,Electronics,611,True,619,712,269.07,10,91
2024-08-01,West-DC,ELC-201,Electronics,552,False,552,673,269.07,10,101
2024-09-01,West-DC,ELC-201,Electronics,643,False,643,646,269.07,10,82
2024-10-01,West-DC,ELC-201,Electronics,606,True,616,719,269.07,10,98
2024-11-01,West-DC,ELC-201,Electronics,680,True,670,569,269.07,10,108
2024-12-01,West-DC,ELC-201,Electronics,709,False,709,715,269.07,10,117
2023-01-01,West-DC,ELC-202,Electronics,371,False,371,443,1925.66,21,49
2023-02-01,West-DC,ELC-202,Electronics,419,False,419,411,1925.66,21,62
2023-03-01,West-DC,ELC-202,Electronics,450,False,450,351,1925.66,21,70
2023-04-01,West-DC,ELC-202,Electronics,429,False,429,472,1925.66,21,73
2023-05-01,West-DC,ELC-202,Electronics,398,False,398,425,1925.66,21,60
2023-06-01,West-DC,ELC-202,Electronics,340,False,340,351,1925.66,21,68
2023-07-01,West-DC,ELC-202,Electronics,298,False,298,269,1925.66,21,50
2023-08-01,West-DC,ELC-202,Electronics,297,False,297,224,1925.66,21,51
2023-09-01,West-DC,ELC-202,Electronics,257,False,257,270,1925.66,21,30
2023-10-01,West-DC,ELC-202,Electronics,323,False,323,320,1925.66,21,42
2023-11-01,West-DC,ELC-202,Electronics,324,True,328,263,1925.66,21,62
2023-12-01,West-DC,ELC-202,Electronics,313,False,313,356,1925.66,21,60
2024-01-01,West-DC,ELC-202,Electronics,386,False,386,388,1925.66,21,69
2024-02-01,West-DC,ELC-202,Electronics,410,False,410,411,1925.66,21,49
2024-03-01,West-DC,ELC-202,Electronics,367,False,367,526,1925.66,21,57
2024-04-01,West-DC,ELC-202,Electronics,384,False,384,406,1925.66,21,41
2024-05-01,West-DC,ELC-202,Electronics,339,False,339,403,1925.66,21,53
2024-06-01,West-DC,ELC-202,Electronics,340,False,340,287,1925.66,21,47
2024-07-01,West-DC,ELC-202,Electronics,265,False,265,292,1925.66,21,53
2024-08-01,West-DC,ELC-202,Electronics,274,False,274,264,1925.66,21,51
2024-09-01,West-DC,ELC-202,Electronics,242,True,239,243,1925.66,21,35
2024-10-01,West-DC,ELC-202,Electronics,249,True,236,234,1925.66,21,21
2024-11-01,West-DC,ELC-202,Electronics,264,True,282,264,1925.66,21,37
2024-12-01,West-DC,ELC-202,Electronics,292,False,292,300,1925.66,21,34
2023-01-01,West-DC,ELC-203,Electronics,358,False,358,371,1382.29,21,39
2023-02-01,West-DC,ELC-203,Electronics,452,True,435,402,1382.29,21,63
2023-03-01,West-DC,ELC-203,Electronics,427,True,404,527,1382.29,21,54
2023-04-01,West-DC,ELC-203,Electronics,345,False,345,405,1382.29,21,57
2023-05-01,West-DC,ELC-203,Electronics,363,False,363,378,1382.29,21,63
2023-06-01,West-DC,ELC-203,Electronics,382,False,382,408,1382.29,21,59
2023-07-01,West-DC,ELC-203,Electronics,270,False,270,332,1382.29,21,36
2023-08-01,West-DC,ELC-203,Electronics,336,False,336,281,1382.29,21,44
2023-09-01,West-DC,ELC-203,Electronics,285,False,285,322,1382.29,21,40
2023-10-01,West-DC,ELC-203,Electronics,281,False,281,324,1382.29,21,24
2023-11-01,West-DC,ELC-203,Electronics,307,False,307,307,1382.29,21,50
2023-12-01,West-DC,ELC-203,Electronics,334,False,334,301,1382.29,21,78
2024-01-01,West-DC,ELC-203,Electronics,328,False,328,385,1382.29,21,47
2024-02-01,West-DC,ELC-203,Electronics,354,True,379,411,1382.29,21,53
2024-03-01,West-DC,ELC-203,Electronics,384,False,384,380,1382.29,21,69
2024-04-01,West-DC,ELC-203,Electronics,407,True,419,395,1382.29,21,54
2024-05-01,West-DC,ELC-203,Electronics,362,False,362,343,1382.29,21,59
2024-06-01,West-DC,ELC-203,Electronics,352,True,331,353,1382.29,21,55
2024-07-01,West-DC,ELC-203,Electronics,285,True,285,296,1382.29,21,49
2024-08-01,West-DC,ELC-203,Electronics,313,True,306,293,1382.29,21,21
2024-09-01,West-DC,ELC-203,Electronics,272,False,272,257,1382.29,21,32
2024-10-01,West-DC,ELC-203,Electronics,264,False,264,262,1382.29,21,20
2024-11-01,West-DC,ELC-203,Electronics,287,False,287,238,1382.29,21,50
2024-12-01,West-DC,ELC-203,Electronics,294,False,294,395,1382.29,21,44
2023-01-01,West-DC,ELC-204,Electronics,1022,False,1022,1222,1601.55,21,150
2023-02-01,West-DC,ELC-204,Electronics,1112,False,1112,1177,1601.55,21,157
2023-03-01,West-DC,ELC-204,Electronics,1104,False,1104,1099,1601.55,21,160
2023-04-01,West-DC,ELC-204,Electronics,1115,True,1035,1058,1601.55,21,160
2023-05-01,West-DC,ELC-204,Electronics,991,True,1012,1094,1601.55,21,149
2023-06-01,West-DC,ELC-204,Electronics,1142,False,1142,991,1601.55,21,159
2023-07-01,West-DC,ELC-204,Electronics,1068,False,1068,963,1601.55,21,140
2023-08-01,West-DC,ELC-204,Electronics,1038,True,1072,968,1601.55,21,149
2023-09-01,West-DC,ELC-204,Electronics,882,True,933,907,1601.55,21,149
2023-10-01,West-DC,ELC-204,Electronics,999,False,999,971,1601.55,21,136
2023-11-01,West-DC,ELC-204,Electronics,1028,True,1036,1117,1601.55,21,159
2023-12-01,West-DC,ELC-204,Electronics,979,False,979,1180,1601.55,21,152
2024-01-01,West-DC,ELC-204,Electronics,950,False,950,969,1601.55,21,165
2024-02-01,West-DC,ELC-204,Electronics,1103,True,1040,1055,1601.55,21,161
2024-03-01,West-DC,ELC-204,Electronics,939,False,939,1134,1601.55,21,162
2024-04-01,West-DC,ELC-204,Electronics,1139,False,1139,1202,1601.55,21,169
2024-05-01,West-DC,ELC-204,Electronics,1097,True,1103,1067,1601.55,21,148
2024-06-01,West-DC,ELC-204,Electronics,1096,False,1096,1198,1601.55,21,151
2024-07-01,West-DC,ELC-204,Electronics,1037,False,1037,963,1601.55,21,140
2024-08-01,West-DC,ELC-204,Electronics,927,False,927,909,1601.55,21,135
2024-09-01,West-DC,ELC-204,Electronics,1090,True,951,980,1601.55,21,143
2024-10-01,West-DC,ELC-204,Electronics,1118,True,1046,833,1601.55,21,135
2024-11-01,West-DC,ELC-204,Electronics,1040,False,1040,957,1601.55,21,153
2024-12-01,West-DC,ELC-204,Electronics,1032,False,1032,1031,1601.55,21,164
2023-01-01,West-DC,ELC-205,Electronics,1172,False,1172,1149,192.2,21,164
2023-02-01,West-DC,ELC-205,Electronics,1219,False,1219,1193,192.2,21,174
2023-03-01,West-DC,ELC-205,Electronics,1199,False,1199,1228,192.2,21,165
2023-04-01,West-DC,ELC-205,Electronics,1199,True,1224,1276,192.2,21,177
2023-05-01,West-DC,ELC-205,Electronics,1218,True,1129,1386,192.2,21,156
2023-06-01,West-DC,ELC-205,Electronics,1150,False,1150,1226,192.2,21,171
2023-07-01,West-DC,ELC-205,Electronics,939,False,939,921,192.2,21,148
2023-08-01,West-DC,ELC-205,Electronics,1012,False,1012,953,192.2,21,144
2023-09-01,West-DC,ELC-205,Electronics,1048,False,1048,958,192.2,21,155
2023-10-01,West-DC,ELC-205,Electronics,954,True,895,1066,192.2,21,155
2023-11-01,West-DC,ELC-205,Electronics,1016,False,1016,1107,192.2,21,159
2023-12-01,West-DC,ELC-205,Electronics,1087,False,1087,987,192.2,21,168
2024-01-01,West-DC,ELC-205,Electronics,1139,False,1139,1223,192.2,21,177
2024-02-01,West-DC,ELC-205,Electronics,1123,False,1123,1244,192.2,21,176
2024-03-01,West-DC,ELC-205,Electronics,1297,False,1297,1254,192.2,21,163
2024-04-01,West-DC,ELC-205,Electronics,1254,False,1254,1261,192.2,21,168
2024-05-01,West-DC,ELC-205,Electronics,1146,False,1146,1090,192.2,21,168
2024-06-01,West-DC,ELC-205,Electronics,1234,True,1122,1248,192.2,21,164
2024-07-01,West-DC,ELC-205,Electronics,1036,True,999,1098,192.2,21,157
2024-08-01,West-DC,ELC-205,Electronics,1108,True,1138,1040,192.2,21,154
2024-09-01,West-DC,ELC-205,Electronics,1067,False,1067,1033,192.2,21,166
2024-10-01,West-DC,ELC-205,Electronics,1189,False,1189,968,192.2,21,157
2024-11-01,West-DC,ELC-205,Electronics,1114,True,1097,1149,192.2,21,173
2024-12-01,West-DC,ELC-205,Electronics,1227,False,1227,1096,192.2,21,166
2023-01-01,West-DC,ELC-206,Electronics,1188,True,1078,1162,2138.32,14,168
2023-02-01,West-DC,ELC-206,Electronics,1096,False,1096,1227,2138.32,14,189
2023-03-01,West-DC,ELC-206,Electronics,1152,True,1253,1358,2138.32,14,190
2023-04-01,West-DC,ELC-206,Electronics,1215,False,1215,1094,2138.32,14,182
2023-05-01,West-DC,ELC-206,Electronics,1068,False,1068,1002,2138.32,14,160
2023-06-01,West-DC,ELC-206,Electronics,1042,True,1118,943,2138.32,14,155
2023-07-01,West-DC,ELC-206,Electronics,983,True,1034,916,2138.32,14,167
2023-08-01,West-DC,ELC-206,Electronics,906,True,915,907,2138.32,14,138
2023-09-01,West-DC,ELC-206,Electronics,928,True,860,880,2138.32,14,154
2023-10-01,West-DC,ELC-206,Electronics,924,True,914,962,2138.32,14,153
2023-11-01,West-DC,ELC-206,Electronics,965,False,965,1016,2138.32,14,151
2023-12-01,West-DC,ELC-206,Electronics,1157,True,1072,1122,2138.32,14,159
2024-01-01,West-DC,ELC-206,Electronics,1086,False,1086,1233,2138.32,14,172
2024-02-01,West-DC,ELC-206,Electronics,1239,True,1247,1246,2138.32,14,174
2024-03-01,West-DC,ELC-206,Electronics,1154,False,1154,973,2138.32,14,153
2024-04-01,West-DC,ELC-206,Electronics,1097,False,1097,1152,2138.32,14,163
2024-05-01,West-DC,ELC-206,Electronics,1040,False,1040,1178,2138.32,14,166
2024-06-01,West-DC,ELC-206,Electronics,1043,False,1043,1132,2138.32,14,155
2024-07-01,West-DC,ELC-206,Electronics,946,True,978,1190,2138.32,14,148
2024-08-01,West-DC,ELC-206,Electronics,1016,False,1016,877,2138.32,14,151
2024-09-01,West-DC,ELC-206,Electronics,928,True,964,921,2138.32,14,128
2024-10-01,West-DC,ELC-206,Electronics,1047,False,1047,923,2138.32,14,151
2024-11-01,West-DC,ELC-206,Electronics,1119,True,1039,984,2138.32,14,167
2024-12-01,West-DC,ELC-206,Electronics,1169,True,1156,960,2138.32,14,175
2023-01-01,West-DC,PER-301,Perishable,816,False,816,1054,1856.51,10,110
2023-02-01,West-DC,PER-301,Perishable,973,True,986,821,1856.51,10,136
2023-03-01,West-DC,PER-301,Perishable,922,False,922,945,1856.51,10,149
2023-04-01,West-DC,PER-301,Perishable,849,True,905,961,1856.51,10,140
2023-05-01,West-DC,PER-301,Perishable,795,False,795,981,1856.51,10,148
2023-06-01,West-DC,PER-301,Perishable,728,True,836,921,1856.51,10,119
2023-07-01,West-DC,PER-301,Perishable,742,False,742,869,1856.51,10,129
2023-08-01,West-DC,PER-301,Perishable,832,True,848,724,1856.51,10,108
2023-09-01,West-DC,PER-301,Perishable,860,False,860,716,1856.51,10,115
2023-10-01,West-DC,PER-301,Perishable,777,True,775,839,1856.51,10,109
2023-11-01,West-DC,PER-301,Perishable,745,True,756,988,1856.51,10,127
2023-12-01,West-DC,PER-301,Perishable,986,False,986,880,1856.51,10,150
2024-01-01,West-DC,PER-301,Perishable,993,False,993,763,1856.51,10,127
2024-02-01,West-DC,PER-301,Perishable,873,False,873,922,1856.51,10,153
2024-03-01,West-DC,PER-301,Perishable,987,False,987,1022,1856.51,10,156
2024-04-01,West-DC,PER-301,Perishable,949,True,966,1070,1856.51,10,135
2024-05-01,West-DC,PER-301,Perishable,1024,False,1024,868,1856.51,10,155
2024-06-01,West-DC,PER-301,Perishable,812,False,812,1007,1856.51,10,126
2024-07-01,West-DC,PER-301,Perishable,884,True,923,835,1856.51,10,146
2024-08-01,West-DC,PER-301,Perishable,819,True,836,789,1856.51,10,118
2024-09-01,West-DC,PER-301,Perishable,918,False,918,953,1856.51,10,127
2024-10-01,West-DC,PER-301,Perishable,1043,True,915,906,1856.51,10,137
2024-11-01,West-DC,PER-301,Perishable,994,True,976,749,1856.51,10,127
2024-12-01,West-DC,PER-301,Perishable,951,False,951,927,1856.51,10,152
2023-01-01,West-DC,PER-302,Perishable,688,True,738,648,585.3,10,97
2023-02-01,West-DC,PER-302,Perishable,662,False,662,590,585.3,10,87
2023-03-01,West-DC,PER-302,Perishable,703,False,703,728,585.3,10,117
2023-04-01,West-DC,PER-302,Perishable,589,True,609,650,585.3,10,93
2023-05-01,West-DC,PER-302,Perishable,678,True,694,517,585.3,10,93
2023-06-01,West-DC,PER-302,Perishable,646,True,743,535,585.3,10,101
2023-07-01,West-DC,PER-302,Perishable,589,False,589,688,585.3,10,71
2023-08-01,West-DC,PER-302,Perishable,510,False,510,536,585.3,10,72
2023-09-01,West-DC,PER-302,Perishable,562,False,562,470,585.3,10,81
2023-10-01,West-DC,PER-302,Perishable,560,False,560,620,585.3,10,75
2023-11-01,West-DC,PER-302,Perishable,586,False,586,680,585.3,10,75
2023-12-01,West-DC,PER-302,Perishable,580,True,565,633,585.3,10,87
2024-01-01,West-DC,PER-302,Perishable,675,True,632,672,585.3,10,110
2024-02-01,West-DC,PER-302,Perishable,730,False,730,629,585.3,10,99
2024-03-01,West-DC,PER-302,Perishable,652,True,667,592,585.3,10,99
2024-04-01,West-DC,PER-302,Perishable,671,False,671,510,585.3,10,87
2024-05-01,West-DC,PER-302,Perishable,589,False,589,494,585.3,10,76
2024-06-01,West-DC,PER-302,Perishable,557,False,557,510,585.3,10,108
2024-07-01,West-DC,PER-302,Perishable,580,False,580,567,585.3,10,83
2024-08-01,West-DC,PER-302,Perishable,595,False,595,469,585.3,10,98
2024-09-01,West-DC,PER-302,Perishable,509,False,509,480,585.3,10,84
2024-10-01,West-DC,PER-302,Perishable,624,False,624,493,585.3,10,92
2024-11-01,West-DC,PER-302,Perishable,597,False,597,453,585.3,10,75
2024-12-01,West-DC,PER-302,Perishable,629,False,629,593,585.3,10,90
2023-01-01,West-DC,PER-303,Perishable,522,True,572,703,522.74,14,91
2023-02-01,West-DC,PER-303,Perishable,561,False,561,598,522.74,14,95
2023-03-01,West-DC,PER-303,Perishable,614,True,610,639,522.74,14,96
2023-04-01,West-DC,PER-303,Perishable,592,False,592,549,522.74,14,85
2023-05-01,West-DC,PER-303,Perishable,586,False,586,620,522.74,14,101
2023-06-01,West-DC,PER-303,Perishable,532,True,565,553,522.74,14,104
2023-07-01,West-DC,PER-303,Perishable,512,False,512,491,522.74,14,79
2023-08-01,West-DC,PER-303,Perishable,553,True,531,507,522.74,14,77
2023-09-01,West-DC,PER-303,Perishable,529,False,529,534,522.74,14,88
2023-10-01,West-DC,PER-303,Perishable,568,False,568,487,522.74,14,79
2023-11-01,West-DC,PER-303,Perishable,586,False,586,554,522.74,14,80
2023-12-01,West-DC,PER-303,Perishable,489,False,489,579,522.74,14,87
2024-01-01,West-DC,PER-303,Perishable,580,True,636,494,522.74,14,91
2024-02-01,West-DC,PER-303,Perishable,586,False,586,491,522.74,14,86
2024-03-01,West-DC,PER-303,Perishable,566,True,549,537,522.74,14,82
2024-04-01,West-DC,PER-303,Perishable,590,False,590,569,522.74,14,62
2024-05-01,West-DC,PER-303,Perishable,543,True,515,621,522.74,14,84
2024-06-01,West-DC,PER-303,Perishable,506,False,506,544,522.74,14,82
2024-07-01,West-DC,PER-303,Perishable,523,False,523,568,522.74,14,64
2024-08-01,West-DC,PER-303,Perishable,531,True,528,474,522.74,14,74
2024-09-01,West-DC,PER-303,Perishable,450,True,461,494,522.74,14,75
2024-10-01,West-DC,PER-303,Perishable,455,False,455,479,522.74,14,86
2024-11-01,West-DC,PER-303,Perishable,496,False,496,579,522.74,14,50
2024-12-01,West-DC,PER-303,Perishable,549,False,549,533,522.74,14,70
2023-01-01,West-DC,PER-304,Perishable,559,False,559,448,525.98,10,90
2023-02-01,West-DC,PER-304,Perishable,543,True,509,590,525.98,10,69
2023-03-01,West-DC,PER-304,Perishable,533,False,533,576,525.98,10,77
2023-04-01,West-DC,PER-304,Perishable,555,True,553,467,525.98,10,75
2023-05-01,West-DC,PER-304,Perishable,501,False,501,581,525.98,10,95
2023-06-01,West-DC,PER-304,Perishable,522,False,522,524,525.98,10,77
2023-07-01,West-DC,PER-304,Perishable,471,False,471,463,525.98,10,61
2023-08-01,West-DC,PER-304,Perishable,372,False,372,488,525.98,10,74
2023-09-01,West-DC,PER-304,Perishable,420,True,411,419,525.98,10,63
2023-10-01,West-DC,PER-304,Perishable,453,False,453,406,525.98,10,90
2023-11-01,West-DC,PER-304,Perishable,407,False,407,526,525.98,10,70
2023-12-01,West-DC,PER-304,Perishable,572,True,627,429,525.98,10,86
2024-01-01,West-DC,PER-304,Perishable,442,False,442,476,525.98,10,80
2024-02-01,West-DC,PER-304,Perishable,533,False,533,591,525.98,10,75
2024-03-01,West-DC,PER-304,Perishable,506,False,506,651,525.98,10,72
2024-04-01,West-DC,PER-304,Perishable,619,True,619,533,525.98,10,75
2024-05-01,West-DC,PER-304,Perishable,463,True,485,549,525.98,10,76
2024-06-01,West-DC,PER-304,Perishable,427,True,456,472,525.98,10,93
2024-07-01,West-DC,PER-304,Perishable,364,False,364,482,525.98,10,71
2024-08-01,West-DC,PER-304,Perishable,447,False,447,486,525.98,10,75
2024-09-01,West-DC,PER-304,Perishable,416,False,416,498,525.98,10,52
2024-10-01,West-DC,PER-304,Perishable,405,True,386,447,525.98,10,70
2024-11-01,West-DC,PER-304,Perishable,391,False,391,365,525.98,10,86
2024-12-01,West-DC,PER-304,Perishable,416,True,393,468,525.98,10,54
2023-01-01,West-DC,PER-305,Perishable,1160,False,1160,1225,773.7,14,165
2023-02-01,West-DC,PER-305,Perishable,1336,False,1336,1275,773.7,14,181
2023-03-01,West-DC,PER-305,Perishable,1272,False,1272,1062,773.7,14,174
2023-04-01,West-DC,PER-305,Perishable,1110,False,1110,1206,773.7,14,169
2023-05-01,West-DC,PER-305,Perishable,1095,True,1156,1320,773.7,14,172
2023-06-01,West-DC,PER-305,Perishable,879,True,881,934,773.7,14,154
2023-07-01,West-DC,PER-305,Perishable,967,False,967,921,773.7,14,148
2023-08-01,West-DC,PER-305,Perishable,872,True,898,972,773.7,14,144
2023-09-01,West-DC,PER-305,Perishable,762,False,762,932,773.7,14,132
2023-10-01,West-DC,PER-305,Perishable,749,False,749,813,773.7,14,123
2023-11-01,West-DC,PER-305,Perishable,812,True,771,997,773.7,14,140
2023-12-01,West-DC,PER-305,Perishable,1106,False,1106,1007,773.7,14,143
2024-01-01,West-DC,PER-305,Perishable,1104,False,1104,1036,773.7,14,146
2024-02-01,West-DC,PER-305,Perishable,1123,True,1065,995,773.7,14,161
2024-03-01,West-DC,PER-305,Perishable,1166,True,1183,1015,773.7,14,166
2024-04-01,West-DC,PER-305,Perishable,1149,False,1149,1166,773.7,14,169
2024-05-01,West-DC,PER-305,Perishable,884,False,884,1061,773.7,14,149
2024-06-01,West-DC,PER-305,Perishable,1060,False,1060,985,773.7,14,141
2024-07-01,West-DC,PER-305,Perishable,812,False,812,1011,773.7,14,144
2024-08-01,West-DC,PER-305,Perishable,872,False,872,808,773.7,14,119
2024-09-01,West-DC,PER-305,Perishable,875,False,875,727,773.7,14,121
2024-10-01,West-DC,PER-305,Perishable,815,True,877,990,773.7,14,128
2024-11-01,West-DC,PER-305,Perishable,934,False,934,1001,773.7,14,125
2024-12-01,West-DC,PER-305,Perishable,1142,False,1142,882,773.7,14,150
2023-01-01,West-DC,PER-306,Perishable,391,False,391,460,1225.75,21,78
2023-02-01,West-DC,PER-306,Perishable,463,False,463,425,1225.75,21,68
2023-03-01,West-DC,PER-306,Perishable,412,True,438,472,1225.75,21,68
2023-04-01,West-DC,PER-306,Perishable,441,True,484,474,1225.75,21,69
2023-05-01,West-DC,PER-306,Perishable,441,False,441,431,1225.75,21,69
2023-06-01,West-DC,PER-306,Perishable,346,False,346,429,1225.75,21,63
2023-07-01,West-DC,PER-306,Perishable,357,False,357,434,1225.75,21,59
2023-08-01,West-DC,PER-306,Perishable,372,False,372,368,1225.75,21,41
2023-09-01,West-DC,PER-306,Perishable,413,True,403,437,1225.75,21,61
2023-10-01,West-DC,PER-306,Perishable,347,True,285,425,1225.75,21,58
2023-11-01,West-DC,PER-306,Perishable,440,False,440,478,1225.75,21,45
2023-12-01,West-DC,PER-306,Perishable,441,True,397,480,1225.75,21,63
2024-01-01,West-DC,PER-306,Perishable,505,True,516,502,1225.75,21,74
2024-02-01,West-DC,PER-306,Perishable,498,False,498,455,1225.75,21,63
2024-03-01,West-DC,PER-306,Perishable,578,True,608,441,1225.75,21,90
2024-04-01,West-DC,PER-306,Perishable,486,False,486,492,1225.75,21,58
2024-05-01,West-DC,PER-306,Perishable,499,False,499,554,1225.75,21,77
2024-06-01,West-DC,PER-306,Perishable,484,False,484,471,1225.75,21,71
2024-07-01,West-DC,PER-306,Perishable,389,False,389,458,1225.75,21,57
2024-08-01,West-DC,PER-306,Perishable,453,True,436,486,1225.75,21,54
2024-09-01,West-DC,PER-306,Perishable,434,True,395,393,1225.75,21,46
2024-10-01,West-DC,PER-306,Perishable,366,True,363,385,1225.75,21,55
2024-11-01,West-DC,PER-306,Perishable,431,False,431,416,1225.75,21,65
2024-12-01,West-DC,PER-306,Perishable,464,True,481,515,1225.75,21,70
2023-01-01,South-DC,APP-101,Apparel,838,True,988,917,917.81,21,127
2023-02-01,South-DC,APP-101,Apparel,936,True,959,905,917.81,21,122
2023-03-01,South-DC,APP-101,Apparel,950,False,950,824,917.81,21,136
2023-04-01,South-DC,APP-101,Apparel,1021,False,1021,833,917.81,21,137
2023-05-01,South-DC,APP-101,Apparel,886,False,886,772,917.81,21,126
2023-06-01,South-DC,APP-101,Apparel,747,True,888,721,917.81,21,115
2023-07-01,South-DC,APP-101,Apparel,731,True,847,729,917.81,21,118
2023-08-01,South-DC,APP-101,Apparel,703,True,706,605,917.81,21,99
2023-09-01,South-DC,APP-101,Apparel,557,False,557,672,917.81,21,82
2023-10-01,South-DC,APP-101,Apparel,617,False,617,575,917.81,21,91
2023-11-01,South-DC,APP-101,Apparel,675,True,728,772,917.81,21,115
2023-12-01,South-DC,APP-101,Apparel,705,False,705,893,917.81,21,129
2024-01-01,South-DC,APP-101,Apparel,743,False,743,826,917.81,21,123
2024-02-01,South-DC,APP-101,Apparel,813,True,980,964,917.81,21,128
2024-03-01,South-DC,APP-101,Apparel,872,False,872,785,917.81,21,134
2024-04-01,South-DC,APP-101,Apparel,873,True,971,887,917.81,21,150
2024-05-01,South-DC,APP-101,Apparel,896,False,896,841,917.81,21,120
2024-06-01,South-DC,APP-101,Apparel,736,False,736,719,917.81,21,119
2024-07-01,South-DC,APP-101,Apparel,737,False,737,623,917.81,21,107
2024-08-01,South-DC,APP-101,Apparel,602,True,648,707,917.81,21,91
2024-09-01,South-DC,APP-101,Apparel,605,False,605,638,917.81,21,88
2024-10-01,South-DC,APP-101,Apparel,602,False,602,476,917.81,21,107
2024-11-01,South-DC,APP-101,Apparel,634,False,634,690,917.81,21,110
2024-12-01,South-DC,APP-101,Apparel,796,False,796,708,917.81,21,112
2023-01-01,South-DC,APP-102,Apparel,1006,False,1006,1113,2098.96,7,157
2023-02-01,South-DC,APP-102,Apparel,1294,False,1294,1058,2098.96,7,181
2023-03-01,South-DC,APP-102,Apparel,1201,False,1201,986,2098.96,7,165
2023-04-01,South-DC,APP-102,Apparel,1044,False,1044,1054,2098.96,7,154
2023-05-01,South-DC,APP-102,Apparel,1062,False,1062,1060,2098.96,7,166
2023-06-01,South-DC,APP-102,Apparel,1064,False,1064,995,2098.96,7,145
2023-07-01,South-DC,APP-102,Apparel,888,True,923,761,2098.96,7,146
2023-08-01,South-DC,APP-102,Apparel,769,False,769,888,2098.96,7,129
2023-09-01,South-DC,APP-102,Apparel,874,False,874,957,2098.96,7,125
2023-10-01,South-DC,APP-102,Apparel,943,True,1060,891,2098.96,7,125
2023-11-01,South-DC,APP-102,Apparel,952,False,952,853,2098.96,7,151
2023-12-01,South-DC,APP-102,Apparel,1007,True,1194,1132,2098.96,7,151
2024-01-01,South-DC,APP-102,Apparel,1136,False,1136,1068,2098.96,7,171
2024-02-01,South-DC,APP-102,Apparel,1375,True,1521,1073,2098.96,7,175
2024-03-01,South-DC,APP-102,Apparel,1305,False,1305,1169,2098.96,7,182
2024-04-01,South-DC,APP-102,Apparel,1171,False,1171,1249,2098.96,7,177
2024-05-01,South-DC,APP-102,Apparel,1066,True,1225,1207,2098.96,7,188
2024-06-01,South-DC,APP-102,Apparel,1007,False,1007,1174,2098.96,7,145
2024-07-01,South-DC,APP-102,Apparel,968,False,968,966,2098.96,7,149
2024-08-01,South-DC,APP-102,Apparel,998,False,998,806,2098.96,7,151
2024-09-01,South-DC,APP-102,Apparel,906,False,906,700,2098.96,7,138
2024-10-01,South-DC,APP-102,Apparel,1048,False,1048,859,2098.96,7,129
2024-11-01,South-DC,APP-102,Apparel,843,True,1003,1019,2098.96,7,155
2024-12-01,South-DC,APP-102,Apparel,992,True,1144,1191,2098.96,7,157
2023-01-01,South-DC,APP-103,Apparel,335,False,335,307,1650.59,7,74
2023-02-01,South-DC,APP-103,Apparel,353,False,353,370,1650.59,7,37
2023-03-01,South-DC,APP-103,Apparel,383,True,414,347,1650.59,7,57
2023-04-01,South-DC,APP-103,Apparel,343,False,343,357,1650.59,7,49
2023-05-01,South-DC,APP-103,Apparel,342,False,342,289,1650.59,7,46
2023-06-01,South-DC,APP-103,Apparel,341,True,351,261,1650.59,7,46
2023-07-01,South-DC,APP-103,Apparel,317,True,345,345,1650.59,7,20
2023-08-01,South-DC,APP-103,Apparel,303,True,360,259,1650.59,7,35
2023-09-01,South-DC,APP-103,Apparel,293,False,293,282,1650.59,7,34
2023-10-01,South-DC,APP-103,Apparel,290,False,290,250,1650.59,7,54
2023-11-01,South-DC,APP-103,Apparel,315,False,315,302,1650.59,7,48
2023-12-01,South-DC,APP-103,Apparel,336,True,394,315,1650.59,7,45
2024-01-01,South-DC,APP-103,Apparel,369,False,369,411,1650.59,7,62
2024-02-01,South-DC,APP-103,Apparel,390,True,424,344,1650.59,7,60
2024-03-01,South-DC,APP-103,Apparel,421,True,460,342,1650.59,7,57
2024-04-01,South-DC,APP-103,Apparel,387,True,426,367,1650.59,7,55
2024-05-01,South-DC,APP-103,Apparel,347,False,347,391,1650.59,7,51
2024-06-01,South-DC,APP-103,Apparel,343,False,343,346,1650.59,7,47
2024-07-01,South-DC,APP-103,Apparel,323,False,323,349,1650.59,7,46
2024-08-01,South-DC,APP-103,Apparel,309,False,309,310,1650.59,7,50
2024-09-01,South-DC,APP-103,Apparel,306,True,362,297,1650.59,7,39
2024-10-01,South-DC,APP-103,Apparel,311,False,311,305,1650.59,7,37
2024-11-01,South-DC,APP-103,Apparel,361,False,361,293,1650.59,7,44
2024-12-01,South-DC,APP-103,Apparel,363,False,363,349,1650.59,7,47
2023-01-01,South-DC,APP-104,Apparel,1187,True,1237,935,1377.25,14,155
2023-02-01,South-DC,APP-104,Apparel,1061,False,1061,893,1377.25,14,155
2023-03-01,South-DC,APP-104,Apparel,1063,False,1063,1134,1377.25,14,171
2023-04-01,South-DC,APP-104,Apparel,1024,False,1024,981,1377.25,14,183
2023-05-01,South-DC,APP-104,Apparel,831,True,944,1066,1377.25,14,159
2023-06-01,South-DC,APP-104,Apparel,980,False,980,998,1377.25,14,156
2023-07-01,South-DC,APP-104,Apparel,960,False,960,915,1377.25,14,154
2023-08-01,South-DC,APP-104,Apparel,941,False,941,853,1377.25,14,134
2023-09-01,South-DC,APP-104,Apparel,812,False,812,838,1377.25,14,129
2023-10-01,South-DC,APP-104,Apparel,863,False,863,799,1377.25,14,140
2023-11-01,South-DC,APP-104,Apparel,955,False,955,897,1377.25,14,133
2023-12-01,South-DC,APP-104,Apparel,995,False,995,803,1377.25,14,144
2024-01-01,South-DC,APP-104,Apparel,1031,True,1190,1140,1377.25,14,143
2024-02-01,South-DC,APP-104,Apparel,1065,False,1065,1090,1377.25,14,156
2024-03-01,South-DC,APP-104,Apparel,1121,False,1121,977,1377.25,14,187
2024-04-01,South-DC,APP-104,Apparel,1133,True,1193,1071,1377.25,14,162
2024-05-01,South-DC,APP-104,Apparel,1257,False,1257,1097,1377.25,14,152
2024-06-01,South-DC,APP-104,Apparel,1064,False,1064,974,1377.25,14,125
2024-07-01,South-DC,APP-104,Apparel,1002,False,1002,875,1377.25,14,123
2024-08-01,South-DC,APP-104,Apparel,910,False,910,872,1377.25,14,133
2024-09-01,South-DC,APP-104,Apparel,786,False,786,760,1377.25,14,118
2024-10-01,South-DC,APP-104,Apparel,882,True,910,803,1377.25,14,132
2024-11-01,South-DC,APP-104,Apparel,904,True,1073,870,1377.25,14,143
2024-12-01,South-DC,APP-104,Apparel,1005,True,1161,1077,1377.25,14,149
2023-01-01,South-DC,APP-105,Apparel,490,False,490,591,469.84,14,74
2023-02-01,South-DC,APP-105,Apparel,725,True,819,584,469.84,14,92
2023-03-01,South-DC,APP-105,Apparel,679,True,734,735,469.84,14,84
2023-04-01,South-DC,APP-105,Apparel,602,False,602,490,469.84,14,106
2023-05-01,South-DC,APP-105,Apparel,618,False,618,471,469.84,14,79
2023-06-01,South-DC,APP-105,Apparel,463,True,532,498,469.84,14,52
2023-07-01,South-DC,APP-105,Apparel,500,False,500,527,469.84,14,79
2023-08-01,South-DC,APP-105,Apparel,427,False,427,478,469.84,14,87
2023-09-01,South-DC,APP-105,Apparel,431,False,431,487,469.84,14,66
2023-10-01,South-DC,APP-105,Apparel,460,True,567,517,469.84,14,68
2023-11-01,South-DC,APP-105,Apparel,521,True,560,498,469.84,14,85
2023-12-01,South-DC,APP-105,Apparel,521,False,521,536,469.84,14,81
2024-01-01,South-DC,APP-105,Apparel,538,True,627,469,469.84,14,75
2024-02-01,South-DC,APP-105,Apparel,631,True,728,486,469.84,14,100
2024-03-01,South-DC,APP-105,Apparel,642,True,712,725,469.84,14,86
2024-04-01,South-DC,APP-105,Apparel,612,True,692,661,469.84,14,87
2024-05-01,South-DC,APP-105,Apparel,628,True,751,524,469.84,14,81
2024-06-01,South-DC,APP-105,Apparel,622,True,668,512,469.84,14,85
2024-07-01,South-DC,APP-105,Apparel,463,False,463,506,469.84,14,68
2024-08-01,South-DC,APP-105,Apparel,496,False,496,505,469.84,14,86
2024-09-01,South-DC,APP-105,Apparel,456,False,456,422,469.84,14,69
2024-10-01,South-DC,APP-105,Apparel,479,True,534,482,469.84,14,83
2024-11-01,South-DC,APP-105,Apparel,551,False,551,483,469.84,14,86
2024-12-01,South-DC,APP-105,Apparel,604,False,604,617,469.84,14,99
2023-01-01,South-DC,APP-106,Apparel,404,True,463,461,469.79,14,80
2023-02-01,South-DC,APP-106,Apparel,587,True,588,512,469.79,14,74
2023-03-01,South-DC,APP-106,Apparel,453,True,466,509,469.79,14,75
2023-04-01,South-DC,APP-106,Apparel,516,False,516,473,469.79,14,81
2023-05-01,South-DC,APP-106,Apparel,498,False,498,519,469.79,14,65
2023-06-01,South-DC,APP-106,Apparel,496,False,496,545,469.79,14,64
2023-07-01,South-DC,APP-106,Apparel,410,False,410,435,469.79,14,67
2023-08-01,South-DC,APP-106,Apparel,355,True,400,432,469.79,14,67
2023-09-01,South-DC,APP-106,Apparel,446,False,446,414,469.79,14,65
2023-10-01,South-DC,APP-106,Apparel,428,False,428,390,469.79,14,65
2023-11-01,South-DC,APP-106,Apparel,426,False,426,430,469.79,14,69
2023-12-01,South-DC,APP-106,Apparel,502,True,602,510,469.79,14,81
2024-01-01,South-DC,APP-106,Apparel,479,False,479,446,469.79,14,68
2024-02-01,South-DC,APP-106,Apparel,563,False,563,583,469.79,14,86
2024-03-01,South-DC,APP-106,Apparel,514,False,514,612,469.79,14,86
2024-04-01,South-DC,APP-106,Apparel,546,False,546,519,469.79,14,88
2024-05-01,South-DC,APP-106,Apparel,502,False,502,577,469.79,14,79
2024-06-01,South-DC,APP-106,Apparel,502,False,502,544,469.79,14,78
2024-07-01,South-DC,APP-106,Apparel,465,False,465,385,469.79,14,50
2024-08-01,South-DC,APP-106,Apparel,507,False,507,512,469.79,14,60
2024-09-01,South-DC,APP-106,Apparel,469,True,516,405,469.79,14,51
2024-10-01,South-DC,APP-106,Apparel,477,False,477,364,469.79,14,65
2024-11-01,South-DC,APP-106,Apparel,434,False,434,471,469.79,14,71
2024-12-01,South-DC,APP-106,Apparel,470,True,564,554,469.79,14,85
2023-01-01,South-DC,ELC-201,Electronics,381,True,343,389,269.07,10,59
2023-02-01,South-DC,ELC-201,Electronics,368,True,368,440,269.07,10,59
2023-03-01,South-DC,ELC-201,Electronics,396,False,396,368,269.07,10,53
2023-04-01,South-DC,ELC-201,Electronics,350,False,350,347,269.07,10,66
2023-05-01,South-DC,ELC-201,Electronics,430,False,430,436,269.07,10,63
2023-06-01,South-DC,ELC-201,Electronics,333,True,356,346,269.07,10,47
2023-07-01,South-DC,ELC-201,Electronics,365,True,363,311,269.07,10,66
2023-08-01,South-DC,ELC-201,Electronics,356,False,356,386,269.07,10,58
2023-09-01,South-DC,ELC-201,Electronics,365,True,334,356,269.07,10,39
2023-10-01,South-DC,ELC-201,Electronics,327,True,347,361,269.07,10,61
2023-11-01,South-DC,ELC-201,Electronics,356,False,356,369,269.07,10,52
2023-12-01,South-DC,ELC-201,Electronics,394,True,375,429,269.07,10,66
2024-01-01,South-DC,ELC-201,Electronics,389,False,389,439,269.07,10,55
2024-02-01,South-DC,ELC-201,Electronics,362,False,362,485,269.07,10,54
2024-03-01,South-DC,ELC-201,Electronics,411,False,411,402,269.07,10,51
2024-04-01,South-DC,ELC-201,Electronics,440,False,440,466,269.07,10,71
2024-05-01,South-DC,ELC-201,Electronics,411,False,411,450,269.07,10,72
2024-06-01,South-DC,ELC-201,Electronics,382,True,420,419,269.07,10,58
2024-07-01,South-DC,ELC-201,Electronics,451,True,423,395,269.07,10,64
2024-08-01,South-DC,ELC-201,Electronics,381,False,381,361,269.07,10,70
2024-09-01,South-DC,ELC-201,Electronics,409,False,409,474,269.07,10,46
2024-10-01,South-DC,ELC-201,Electronics,404,False,404,437,269.07,10,55
2024-11-01,South-DC,ELC-201,Electronics,434,False,434,477,269.07,10,69
2024-12-01,South-DC,ELC-201,Electronics,476,True,451,410,269.07,10,69
2023-01-01,South-DC,ELC-202,Electronics,582,False,582,687,1925.66,21,96
2023-02-01,South-DC,ELC-202,Electronics,705,False,705,721,1925.66,21,106
2023-03-01,South-DC,ELC-202,Electronics,747,False,747,720,1925.66,21,106
2023-04-01,South-DC,ELC-202,Electronics,767,False,767,648,1925.66,21,107
2023-05-01,South-DC,ELC-202,Electronics,636,False,636,671,1925.66,21,107
2023-06-01,South-DC,ELC-202,Electronics,594,False,594,704,1925.66,21,90
2023-07-01,South-DC,ELC-202,Electronics,663,False,663,637,1925.66,21,88
2023-08-01,South-DC,ELC-202,Electronics,559,False,559,558,1925.66,21,104
2023-09-01,South-DC,ELC-202,Electronics,564,True,571,593,1925.66,21,84
2023-10-01,South-DC,ELC-202,Electronics,592,False,592,675,1925.66,21,84
2023-11-01,South-DC,ELC-202,Electronics,727,True,672,560,1925.66,21,93
2023-12-01,South-DC,ELC-202,Electronics,681,False,681,723,1925.66,21,99
2024-01-01,South-DC,ELC-202,Electronics,772,True,769,799,1925.66,21,121
2024-02-01,South-DC,ELC-202,Electronics,732,False,732,641,1925.66,21,105
2024-03-01,South-DC,ELC-202,Electronics,765,False,765,755,1925.66,21,127
2024-04-01,South-DC,ELC-202,Electronics,804,False,804,725,1925.66,21,115
2024-05-01,South-DC,ELC-202,Electronics,800,False,800,843,1925.66,21,101
2024-06-01,South-DC,ELC-202,Electronics,642,False,642,644,1925.66,21,115
2024-07-01,South-DC,ELC-202,Electronics,629,True,612,750,1925.66,21,121
2024-08-01,South-DC,ELC-202,Electronics,632,False,632,616,1925.66,21,90
2024-09-01,South-DC,ELC-202,Electronics,580,False,580,732,1925.66,21,101
2024-10-01,South-DC,ELC-202,Electronics,658,True,675,550,1925.66,21,100
2024-11-01,South-DC,ELC-202,Electronics,638,False,638,564,1925.66,21,94
2024-12-01,South-DC,ELC-202,Electronics,624,False,624,844,1925.66,21,105
2023-01-01,South-DC,ELC-203,Electronics,629,False,629,844,1382.29,21,97
2023-02-01,South-DC,ELC-203,Electronics,730,False,730,791,1382.29,21,120
2023-03-01,South-DC,ELC-203,Electronics,633,True,665,699,1382.29,21,113
2023-04-01,South-DC,ELC-203,Electronics,742,False,742,710,1382.29,21,95
2023-05-01,South-DC,ELC-203,Electronics,641,False,641,693,1382.29,21,100
2023-06-01,South-DC,ELC-203,Electronics,638,True,637,749,1382.29,21,86
2023-07-01,South-DC,ELC-203,Electronics,641,False,641,633,1382.29,21,85
2023-08-01,South-DC,ELC-203,Electronics,630,True,575,601,1382.29,21,77
2023-09-01,South-DC,ELC-203,Electronics,639,False,639,638,1382.29,21,97
2023-10-01,South-DC,ELC-203,Electronics,623,True,588,663,1382.29,21,84
2023-11-01,South-DC,ELC-203,Electronics,703,True,653,702,1382.29,21,87
2023-12-01,South-DC,ELC-203,Electronics,662,True,640,589,1382.29,21,91
2024-01-01,South-DC,ELC-203,Electronics,748,True,755,711,1382.29,21,123
2024-02-01,South-DC,ELC-203,Electronics,737,True,791,776,1382.29,21,109
2024-03-01,South-DC,ELC-203,Electronics,860,False,860,751,1382.29,21,131
2024-04-01,South-DC,ELC-203,Electronics,838,False,838,740,1382.29,21,116
2024-05-01,South-DC,ELC-203,Electronics,789,True,785,793,1382.29,21,117
2024-06-01,South-DC,ELC-203,Electronics,722,True,727,730,1382.29,21,97
2024-07-01,South-DC,ELC-203,Electronics,746,True,739,822,1382.29,21,105
2024-08-01,South-DC,ELC-203,Electronics,698,True,630,738,1382.29,21,122
2024-09-01,South-DC,ELC-203,Electronics,666,False,666,613,1382.29,21,116
2024-10-01,South-DC,ELC-203,Electronics,617,False,617,684,1382.29,21,102
2024-11-01,South-DC,ELC-203,Electronics,709,False,709,726,1382.29,21,99
2024-12-01,South-DC,ELC-203,Electronics,677,False,677,763,1382.29,21,121
2023-01-01,South-DC,ELC-204,Electronics,1076,True,1176,1278,1601.55,21,185
2023-02-01,South-DC,ELC-204,Electronics,1078,False,1078,1135,1601.55,21,171
2023-03-01,South-DC,ELC-204,Electronics,1127,False,1127,1130,1601.55,21,180
2023-04-01,South-DC,ELC-204,Electronics,1111,True,1079,1304,1601.55,21,182
2023-05-01,South-DC,ELC-204,Electronics,1159,True,1153,1200,1601.55,21,179
2023-06-01,South-DC,ELC-204,Electronics,977,True,1065,1044,1601.55,21,168
2023-07-01,South-DC,ELC-204,Electronics,928,False,928,1008,1601.55,21,151
2023-08-01,South-DC,ELC-204,Electronics,968,False,968,1035,1601.55,21,151
2023-09-01,South-DC,ELC-204,Electronics,1044,False,1044,950,1601.55,21,155
2023-10-01,South-DC,ELC-204,Electronics,949,True,1008,973,1601.55,21,174
2023-11-01,South-DC,ELC-204,Electronics,1089,False,1089,998,1601.55,21,148
2023-12-01,South-DC,ELC-204,Electronics,1073,True,1081,1019,1601.55,21,168
2024-01-01,South-DC,ELC-204,Electronics,1052,True,1109,1153,1601.55,21,174
2024-02-01,South-DC,ELC-204,Electronics,1404,False,1404,1487,1601.55,21,189
2024-03-01,South-DC,ELC-204,Electronics,1108,True,1142,1240,1601.55,21,203
2024-04-01,South-DC,ELC-204,Electronics,1301,True,1222,1204,1601.55,21,200
2024-05-01,South-DC,ELC-204,Electronics,1266,True,1139,1144,1601.55,21,176
2024-06-01,South-DC,ELC-204,Electronics,1104,False,1104,1182,1601.55,21,179
2024-07-01,South-DC,ELC-204,Electronics,1052,True,1062,1143,1601.55,21,148
2024-08-01,South-DC,ELC-204,Electronics,1018,False,1018,1104,1601.55,21,164
2024-09-01,South-DC,ELC-204,Electronics,1094,True,1009,915,1601.55,21,154
2024-10-01,South-DC,ELC-204,Electronics,978,True,992,1201,1601.55,21,170
2024-11-01,South-DC,ELC-204,Electronics,1028,True,1067,1027,1601.55,21,163
2024-12-01,South-DC,ELC-204,Electronics,1187,False,1187,1067,1601.55,21,181
2023-01-01,South-DC,ELC-205,Electronics,767,True,677,766,192.2,21,137
2023-02-01,South-DC,ELC-205,Electronics,770,False,770,802,192.2,21,108
2023-03-01,South-DC,ELC-205,Electronics,726,False,726,772,192.2,21,119
2023-04-01,South-DC,ELC-205,Electronics,711,True,695,726,192.2,21,107
2023-05-01,South-DC,ELC-205,Electronics,726,False,726,553,192.2,21,113
2023-06-01,South-DC,ELC-205,Electronics,898,False,898,683,192.2,21,122
2023-07-01,South-DC,ELC-205,Electronics,670,True,646,666,192.2,21,109
2023-08-01,South-DC,ELC-205,Electronics,733,True,719,634,192.2,21,94
2023-09-01,South-DC,ELC-205,Electronics,707,False,707,755,192.2,21,93
2023-10-01,South-DC,ELC-205,Electronics,715,True,685,713,192.2,21,104
2023-11-01,South-DC,ELC-205,Electronics,740,False,740,669,192.2,21,103
2023-12-01,South-DC,ELC-205,Electronics,652,False,652,663,192.2,21,108
2024-01-01,South-DC,ELC-205,Electronics,731,False,731,698,192.2,21,102
2024-02-01,South-DC,ELC-205,Electronics,801,True,741,816,192.2,21,100
2024-03-01,South-DC,ELC-205,Electronics,744,False,744,800,192.2,21,111
2024-04-01,South-DC,ELC-205,Electronics,781,True,748,677,192.2,21,128
2024-05-01,South-DC,ELC-205,Electronics,754,True,777,609,192.2,21,123
2024-06-01,South-DC,ELC-205,Electronics,802,False,802,697,192.2,21,122
2024-07-01,South-DC,ELC-205,Electronics,650,False,650,707,192.2,21,111
2024-08-01,South-DC,ELC-205,Electronics,708,False,708,780,192.2,21,97
2024-09-01,South-DC,ELC-205,Electronics,631,True,684,672,192.2,21,80
2024-10-01,South-DC,ELC-205,Electronics,745,False,745,789,192.2,21,99
2024-11-01,South-DC,ELC-205,Electronics,691,False,691,682,192.2,21,107
2024-12-01,South-DC,ELC-205,Electronics,797,False,797,726,192.2,21,106
2023-01-01,South-DC,ELC-206,Electronics,963,False,963,900,2138.32,14,136
2023-02-01,South-DC,ELC-206,Electronics,1082,False,1082,890,2138.32,14,149
2023-03-01,South-DC,ELC-206,Electronics,1060,False,1060,1085,2138.32,14,169
2023-04-01,South-DC,ELC-206,Electronics,1073,False,1073,925,2138.32,14,151
2023-05-01,South-DC,ELC-206,Electronics,954,True,975,1059,2138.32,14,149
2023-06-01,South-DC,ELC-206,Electronics,931,False,931,864,2138.32,14,127
2023-07-01,South-DC,ELC-206,Electronics,778,False,778,741,2138.32,14,129
2023-08-01,South-DC,ELC-206,Electronics,690,False,690,682,2138.32,14,82
2023-09-01,South-DC,ELC-206,Electronics,592,False,592,639,2138.32,14,111
2023-10-01,South-DC,ELC-206,Electronics,703,False,703,568,2138.32,14,121
2023-11-01,South-DC,ELC-206,Electronics,849,True,826,698,2138.32,14,122
2023-12-01,South-DC,ELC-206,Electronics,944,True,917,1039,2138.32,14,155
2024-01-01,South-DC,ELC-206,Electronics,1011,True,951,758,2138.32,14,120
2024-02-01,South-DC,ELC-206,Electronics,1165,False,1165,1052,2138.32,14,161
2024-03-01,South-DC,ELC-206,Electronics,1007,False,1007,954,2138.32,14,152
2024-04-01,South-DC,ELC-206,Electronics,952,False,952,920,2138.32,14,163
2024-05-01,South-DC,ELC-206,Electronics,903,True,926,1006,2138.32,14,145
2024-06-01,South-DC,ELC-206,Electronics,838,False,838,902,2138.32,14,132
2024-07-01,South-DC,ELC-206,Electronics,924,False,924,627,2138.32,14,114
2024-08-01,South-DC,ELC-206,Electronics,640,False,640,748,2138.32,14,108
2024-09-01,South-DC,ELC-206,Electronics,642,False,642,874,2138.32,14,107
2024-10-01,South-DC,ELC-206,Electronics,763,True,778,642,2138.32,14,117
2024-11-01,South-DC,ELC-206,Electronics,840,True,894,838,2138.32,14,117
2024-12-01,South-DC,ELC-206,Electronics,942,False,942,736,2138.32,14,152
2023-01-01,South-DC,PER-301,Perishable,546,False,546,655,1856.51,10,65
2023-02-01,South-DC,PER-301,Perishable,637,False,637,583,1856.51,10,86
2023-03-01,South-DC,PER-301,Perishable,604,False,604,578,1856.51,10,76
2023-04-01,South-DC,PER-301,Perishable,622,True,622,522,1856.51,10,98
2023-05-01,South-DC,PER-301,Perishable,519,False,519,555,1856.51,10,82
2023-06-01,South-DC,PER-301,Perishable,553,False,553,604,1856.51,10,87
2023-07-01,South-DC,PER-301,Perishable,517,True,514,547,1856.51,10,70
2023-08-01,South-DC,PER-301,Perishable,562,False,562,524,1856.51,10,65
2023-09-01,South-DC,PER-301,Perishable,537,False,537,616,1856.51,10,70
2023-10-01,South-DC,PER-301,Perishable,544,True,504,548,1856.51,10,82
2023-11-01,South-DC,PER-301,Perishable,577,False,577,532,1856.51,10,84
2023-12-01,South-DC,PER-301,Perishable,542,False,542,580,1856.51,10,92
2024-01-01,South-DC,PER-301,Perishable,616,False,616,578,1856.51,10,77
2024-02-01,South-DC,PER-301,Perishable,592,True,606,602,1856.51,10,93
2024-03-01,South-DC,PER-301,Perishable,586,True,553,666,1856.51,10,93
2024-04-01,South-DC,PER-301,Perishable,638,False,638,676,1856.51,10,92
2024-05-01,South-DC,PER-301,Perishable,606,True,563,651,1856.51,10,86
2024-06-01,South-DC,PER-301,Perishable,585,False,585,736,1856.51,10,74
2024-07-01,South-DC,PER-301,Perishable,485,False,485,501,1856.51,10,70
2024-08-01,South-DC,PER-301,Perishable,499,False,499,607,1856.51,10,80
2024-09-01,South-DC,PER-301,Perishable,517,True,544,540,1856.51,10,77
2024-10-01,South-DC,PER-301,Perishable,565,True,588,550,1856.51,10,91
2024-11-01,South-DC,PER-301,Perishable,587,False,587,561,1856.51,10,91
2024-12-01,South-DC,PER-301,Perishable,524,False,524,627,1856.51,10,90
2023-01-01,South-DC,PER-302,Perishable,937,False,937,921,585.3,10,144
2023-02-01,South-DC,PER-302,Perishable,1037,False,1037,1129,585.3,10,165
2023-03-01,South-DC,PER-302,Perishable,1019,False,1019,1023,585.3,10,154
2023-04-01,South-DC,PER-302,Perishable,932,False,932,1135,585.3,10,159
2023-05-01,South-DC,PER-302,Perishable,1012,False,1012,925,585.3,10,140
2023-06-01,South-DC,PER-302,Perishable,832,False,832,984,585.3,10,141
2023-07-01,South-DC,PER-302,Perishable,956,False,956,946,585.3,10,134
2023-08-01,South-DC,PER-302,Perishable,860,False,860,1066,585.3,10,135
2023-09-01,South-DC,PER-302,Perishable,857,False,857,892,585.3,10,119
2023-10-01,South-DC,PER-302,Perishable,1064,True,932,1049,585.3,10,144
2023-11-01,South-DC,PER-302,Perishable,962,False,962,934,585.3,10,150
2023-12-01,South-DC,PER-302,Perishable,1033,False,1033,1120,585.3,10,149
2024-01-01,South-DC,PER-302,Perishable,982,False,982,1082,585.3,10,176
2024-02-01,South-DC,PER-302,Perishable,1216,True,1295,1066,585.3,10,160
2024-03-01,South-DC,PER-302,Perishable,1188,True,1208,1012,585.3,10,164
2024-04-01,South-DC,PER-302,Perishable,1317,False,1317,1213,585.3,10,177
2024-05-01,South-DC,PER-302,Perishable,994,True,999,1028,585.3,10,170
2024-06-01,South-DC,PER-302,Perishable,1118,False,1118,1060,585.3,10,154
2024-07-01,South-DC,PER-302,Perishable,983,True,985,1054,585.3,10,130
2024-08-01,South-DC,PER-302,Perishable,1031,False,1031,947,585.3,10,180
2024-09-01,South-DC,PER-302,Perishable,967,False,967,894,585.3,10,154
2024-10-01,South-DC,PER-302,Perishable,1165,False,1165,1070,585.3,10,142
2024-11-01,South-DC,PER-302,Perishable,1073,False,1073,1021,585.3,10,178
2024-12-01,South-DC,PER-302,Perishable,1065,False,1065,1162,585.3,10,162
2023-01-01,South-DC,PER-303,Perishable,1017,False,1017,954,522.74,14,161
2023-02-01,South-DC,PER-303,Perishable,1127,True,1097,1180,522.74,14,172
2023-03-01,South-DC,PER-303,Perishable,1051,False,1051,1050,522.74,14,158
2023-04-01,South-DC,PER-303,Perishable,1062,False,1062,974,522.74,14,157
2023-05-01,South-DC,PER-303,Perishable,995,False,995,849,522.74,14,161
2023-06-01,South-DC,PER-303,Perishable,1097,True,1039,1043,522.74,14,147
2023-07-01,South-DC,PER-303,Perishable,899,True,948,863,522.74,14,128
2023-08-01,South-DC,PER-303,Perishable,998,False,998,970,522.74,14,162
2023-09-01,South-DC,PER-303,Perishable,865,True,773,938,522.74,14,121
2023-10-01,South-DC,PER-303,Perishable,918,False,918,842,522.74,14,144
2023-11-01,South-DC,PER-303,Perishable,983,False,983,858,522.74,14,158
2023-12-01,South-DC,PER-303,Perishable,1138,False,1138,901,522.74,14,160
2024-01-01,South-DC,PER-303,Perishable,1031,True,1138,903,522.74,14,177
2024-02-01,South-DC,PER-303,Perishable,1147,False,1147,1121,522.74,14,179
2024-03-01,South-DC,PER-303,Perishable,1070,False,1070,1249,522.74,14,172
2024-04-01,South-DC,PER-303,Perishable,1137,True,1068,1273,522.74,14,182
2024-05-01,South-DC,PER-303,Perishable,1277,True,1166,1025,522.74,14,160
2024-06-01,South-DC,PER-303,Perishable,924,False,924,1024,522.74,14,155
2024-07-01,South-DC,PER-303,Perishable,959,False,959,897,522.74,14,160
2024-08-01,South-DC,PER-303,Perishable,969,False,969,974,522.74,14,143
2024-09-01,South-DC,PER-303,Perishable,889,False,889,790,522.74,14,136
2024-10-01,South-DC,PER-303,Perishable,982,False,982,938,522.74,14,156
2024-11-01,South-DC,PER-303,Perishable,932,True,896,909,522.74,14,144
2024-12-01,South-DC,PER-303,Perishable,1142,True,1168,1039,522.74,14,171
2023-01-01,South-DC,PER-304,Perishable,532,False,532,454,525.98,10,69
2023-02-01,South-DC,PER-304,Perishable,509,True,388,462,525.98,10,79
2023-03-01,South-DC,PER-304,Perishable,498,False,498,510,525.98,10,85
2023-04-01,South-DC,PER-304,Perishable,424,True,363,447,525.98,10,70
2023-05-01,South-DC,PER-304,Perishable,477,True,454,470,525.98,10,71
2023-06-01,South-DC,PER-304,Perishable,441,False,441,442,525.98,10,82
2023-07-01,South-DC,PER-304,Perishable,416,True,464,419,525.98,10,76
2023-08-01,South-DC,PER-304,Perishable,414,True,457,388,525.98,10,67
2023-09-01,South-DC,PER-304,Perishable,499,False,499,444,525.98,10,40
2023-10-01,South-DC,PER-304,Perishable,438,True,411,398,525.98,10,80
2023-11-01,South-DC,PER-304,Perishable,437,False,437,473,525.98,10,61
2023-12-01,South-DC,PER-304,Perishable,418,False,418,411,525.98,10,72
2024-01-01,South-DC,PER-304,Perishable,396,False,396,416,525.98,10,83
2024-02-01,South-DC,PER-304,Perishable,514,False,514,422,525.98,10,72
2024-03-01,South-DC,PER-304,Perishable,515,False,515,407,525.98,10,78
2024-04-01,South-DC,PER-304,Perishable,498,True,518,435,525.98,10,59
2024-05-01,South-DC,PER-304,Perishable,475,True,513,539,525.98,10,78
2024-06-01,South-DC,PER-304,Perishable,496,True,471,432,525.98,10,66
2024-07-01,South-DC,PER-304,Perishable,423,True,386,355,525.98,10,36
2024-08-01,South-DC,PER-304,Perishable,423,False,423,462,525.98,10,40
2024-09-01,South-DC,PER-304,Perishable,364,True,325,391,525.98,10,72
2024-10-01,South-DC,PER-304,Perishable,443,False,443,448,525.98,10,68
2024-11-01,South-DC,PER-304,Perishable,425,True,405,444,525.98,10,63
2024-12-01,South-DC,PER-304,Perishable,476,False,476,415,525.98,10,78
2023-01-01,South-DC,PER-305,Perishable,1296,True,1437,1425,773.7,14,167
2023-02-01,South-DC,PER-305,Perishable,1355,True,1342,1338,773.7,14,174
2023-03-01,South-DC,PER-305,Perishable,1202,False,1202,986,773.7,14,165
2023-04-01,South-DC,PER-305,Perishable,1242,False,1242,1211,773.7,14,185
2023-05-01,South-DC,PER-305,Perishable,1122,False,1122,1187,773.7,14,173
2023-06-01,South-DC,PER-305,Perishable,1113,False,1113,1072,773.7,14,186
2023-07-01,South-DC,PER-305,Perishable,895,False,895,1146,773.7,14,163
2023-08-01,South-DC,PER-305,Perishable,844,False,844,1046,773.7,14,164
2023-09-01,South-DC,PER-305,Perishable,1107,True,1077,886,773.7,14,164
2023-10-01,South-DC,PER-305,Perishable,1210,True,1165,998,773.7,14,157
2023-11-01,South-DC,PER-305,Perishable,877,False,877,1198,773.7,14,167
2023-12-01,South-DC,PER-305,Perishable,1127,False,1127,1172,773.7,14,153
2024-01-01,South-DC,PER-305,Perishable,1183,True,1098,1191,773.7,14,148
2024-02-01,South-DC,PER-305,Perishable,1175,False,1175,1161,773.7,14,196
2024-03-01,South-DC,PER-305,Perishable,1174,False,1174,1301,773.7,14,186
2024-04-01,South-DC,PER-305,Perishable,1242,False,1242,1243,773.7,14,184
2024-05-01,South-DC,PER-305,Perishable,1085,False,1085,888,773.7,14,164
2024-06-01,South-DC,PER-305,Perishable,1044,False,1044,1003,773.7,14,161
2024-07-01,South-DC,PER-305,Perishable,1030,False,1030,1105,773.7,14,151
2024-08-01,South-DC,PER-305,Perishable,1029,False,1029,1145,773.7,14,156
2024-09-01,South-DC,PER-305,Perishable,951,False,951,1126,773.7,14,149
2024-10-01,South-DC,PER-305,Perishable,978,False,978,900,773.7,14,157
2024-11-01,South-DC,PER-305,Perishable,927,False,927,869,773.7,14,177
2024-12-01,South-DC,PER-305,Perishable,937,False,937,1042,773.7,14,174
2023-01-01,South-DC,PER-306,Perishable,670,False,670,723,1225.75,21,108
2023-02-01,South-DC,PER-306,Perishable,697,False,697,773,1225.75,21,105
2023-03-01,South-DC,PER-306,Perishable,649,False,649,763,1225.75,21,106
2023-04-01,South-DC,PER-306,Perishable,691,False,691,733,1225.75,21,106
2023-05-01,South-DC,PER-306,Perishable,750,True,784,738,1225.75,21,99
2023-06-01,South-DC,PER-306,Perishable,604,True,604,676,1225.75,21,91
2023-07-01,South-DC,PER-306,Perishable,614,False,614,522,1225.75,21,99
2023-08-01,South-DC,PER-306,Perishable,569,False,569,653,1225.75,21,112
2023-09-01,South-DC,PER-306,Perishable,689,False,689,655,1225.75,21,87
2023-10-01,South-DC,PER-306,Perishable,628,True,681,779,1225.75,21,111
2023-11-01,South-DC,PER-306,Perishable,646,True,657,623,1225.75,21,104
2023-12-01,South-DC,PER-306,Perishable,638,False,638,663,1225.75,21,107
2024-01-01,South-DC,PER-306,Perishable,719,True,742,693,1225.75,21,112
2024-02-01,South-DC,PER-306,Perishable,828,False,828,709,1225.75,21,104
2024-03-01,South-DC,PER-306,Perishable,720,False,720,648,1225.75,21,113
2024-04-01,South-DC,PER-306,Perishable,789,True,797,708,1225.75,21,121
2024-05-01,South-DC,PER-306,Perishable,695,True,565,731,1225.75,21,99
2024-06-01,South-DC,PER-306,Perishable,698,False,698,620,1225.75,21,107
2024-07-01,South-DC,PER-306,Perishable,708,False,708,618,1225.75,21,108
2024-08-01,South-DC,PER-306,Perishable,747,True,799,694,1225.75,21,93
2024-09-01,South-DC,PER-306,Perishable,672,False,672,721,1225.75,21,103
2024-10-01,South-DC,PER-306,Perishable,594,False,594,653,1225.75,21,98
2024-11-01,South-DC,PER-306,Perishable,737,False,737,710,1225.75,21,98
2024-12-01,South-DC,PER-306,Perishable,697,False,697,581,1225.75,21,102
